[2026-05-25 03:09:19] [MA_Strategy] [DEBUG] MA 신호: HOLD | MA5=63959, MA20=64171, MA60=64159 — 관망 | 점수=0.50
[2026-05-25 03:09:19] [RSI_MACD_Strategy] [DEBUG] RSI/MACD 신호: HOLD | RSI=44.4, MACD=-212.17 — 관망
[2026-05-25 03:09:28] [MA_Strategy] [DEBUG] MA 신호: HOLD | MA5=53566, MA20=53338, MA60=52211 — 관망 | 점수=0.70
[2026-05-25 03:09:28] [RSI_MACD_Strategy] [DEBUG] RSI/MACD 신호: HOLD | RSI=55.8, MACD=373.03 — 관망
[2026-05-25 03:09:28] [MA_Strategy] [DEBUG] MA 신호: SELL | 데드크로스 발생 | 점수=1.00
[2026-05-25 03:09:28] [RSI_MACD_Strategy] [DEBUG] RSI/MACD 신호: HOLD | RSI=43.3, MACD=214.68 — 관망
[2026-05-25 03:09:28] [MA_Strategy] [DEBUG] MA 신호: SELL | MA20 2% 이탈 (현재가 51374 / MA20 53128) | 점수=0.70
[2026-05-25 03:09:28] [RSI_MACD_Strategy] [DEBUG] RSI/MACD 신호: HOLD | RSI=41.7, MACD=62.00 — 관망
[2026-05-25 03:09:28] [MA_Strategy] [DEBUG] MA 신호: SELL | MA20 2% 이탈 (현재가 51721 / MA20 53090) | 점수=0.70
[2026-05-25 03:09:28] [RSI_MACD_Strategy] [DEBUG] RSI/MACD 신호: HOLD | RSI=44.0, MACD=-30.65 — 관망
[2026-05-25 03:09:28] [MA_Strategy] [DEBUG] MA 신호: SELL | MA20 2% 이탈 (현재가 51769 / MA20 52998) | 점수=0.70
[2026-05-25 03:09:28] [RSI_MACD_Strategy] [DEBUG] RSI/MACD 신호: HOLD | RSI=44.4, MACD=-99.06 — 관망
[2026-05-25 03:09:28] [MA_Strategy] [DEBUG] MA 신호: SELL | MA20 2% 이탈 (현재가 50868 / MA20 52884) | 점수=0.70
[2026-05-25 03:09:28] [RSI_MACD_Strategy] [DEBUG] RSI/MACD 신호: HOLD | RSI=39.5, MACD=-223.40 — 관망
[2026-05-25 03:09:28] [MA_Strategy] [DEBUG] MA 신호: SELL | MA20 2% 이탈 (현재가 50629 / MA20 52763) | 점수=0.70
[2026-05-25 03:09:28] [RSI_MACD_Strategy] [DEBUG] RSI/MACD 신호: HOLD | RSI=38.3, MACD=-337.34 — 관망
[2026-05-25 03:09:28] [MA_Strategy] [DEBUG] MA 신호: SELL | MA20 2% 이탈 (현재가 49992 / MA20 52565) | 점수=0.70
[2026-05-25 03:09:28] [RSI_MACD_Strategy] [DEBUG] RSI/MACD 신호: HOLD | RSI=35.3, MACD=-473.58 — 관망
[2026-05-25 03:09:28] [MA_Strategy] [DEBUG] MA 신호: HOLD | MA5=51137, MA20=52506, MA60=52206 — 관망 | 점수=0.40
[2026-05-25 03:09:28] [RSI_MACD_Strategy] [DEBUG] RSI/MACD 신호: HOLD | RSI=51.3, MACD=-380.60 — 관망
[2026-05-25 03:09:29] [MA_Strategy] [DEBUG] MA 신호: HOLD | MA5=51330, MA20=52470, MA60=52172 — 관망 | 점수=0.40
[2026-05-25 03:09:29] [RSI_MACD_Strategy] [DEBUG] RSI/MACD 신호: HOLD | RSI=52.9, MACD=-279.16 — 관망
[2026-05-25 03:09:29] [MA_Strategy] [DEBUG] MA 신호: HOLD | MA5=51461, MA20=52374, MA60=52156 — 관망 | 점수=0.50
[2026-05-25 03:09:29] [RSI_MACD_Strategy] [DEBUG] RSI/MACD 신호: HOLD | RSI=46.5, MACD=-292.79 — 관망
[2026-05-25 03:09:29] [MA_Strategy] [DEBUG] MA 신호: HOLD | MA5=51697, MA20=52300, MA60=52150 — 관망 | 점수=0.50
[2026-05-25 03:09:29] [RSI_MACD_Strategy] [DEBUG] RSI/MACD 신호: HOLD | RSI=48.1, MACD=-277.64 — 관망
[2026-05-25 03:09:29] [MA_Strategy] [DEBUG] MA 신호: BUY | 골든크로스 발생 (MA5=52369 > MA20=52351) | 점수=0.90
[2026-05-25 03:09:29] [RSI_MACD_Strategy] [DEBUG] RSI/MACD 신호: BUY | RSI=55.8 + MACD 골든크로스
[2026-05-25 03:09:29] [MA_Strategy] [DEBUG] MA 신호: HOLD | MA5=52790, MA20=52444, MA60=52191 — 관망 | 점수=0.70
[2026-05-25 03:09:29] [RSI_MACD_Strategy] [DEBUG] RSI/MACD 신호: HOLD | RSI=60.6, MACD=64.81 — 관망
[2026-05-25 03:09:29] [MA_Strategy] [DEBUG] MA 신호: HOLD | MA5=53094, MA20=52477, MA60=52234 — 관망 | 점수=0.70
[2026-05-25 03:09:29] [RSI_MACD_Strategy] [DEBUG] RSI/MACD 신호: HOLD | RSI=58.9, MACD=201.67 — 관망
[2026-05-25 03:09:29] [MA_Strategy] [DEBUG] MA 신호: HOLD | MA5=53464, MA20=52495, MA60=52262 — 관망 | 점수=0.50
[2026-05-25 03:09:29] [RSI_MACD_Strategy] [DEBUG] RSI/MACD 신호: HOLD | RSI=54.0, MACD=236.72 — 관망
[2026-05-25 03:09:29] [MA_Strategy] [DEBUG] MA 신호: HOLD | MA5=53792, MA20=52477, MA60=52281 — 관망 | 점수=0.50
[2026-05-25 03:09:29] [RSI_MACD_Strategy] [DEBUG] RSI/MACD 신호: HOLD | RSI=54.3, MACD=266.91 — 관망
[2026-05-25 03:09:29] [MA_Strategy] [DEBUG] MA 신호: HOLD | MA5=53894, MA20=52475, MA60=52290 — 관망 | 점수=0.50
[2026-05-25 03:09:29] [RSI_MACD_Strategy] [DEBUG] RSI/MACD 신호: HOLD | RSI=56.3, MACD=320.62 — 관망
[2026-05-25 03:09:29] [MA_Strategy] [DEBUG] MA 신호: HOLD | MA5=53622, MA20=52479, MA60=52286 — 관망 | 점수=0.60
[2026-05-25 03:09:29] [RSI_MACD_Strategy] [DEBUG] RSI/MACD 신호: HOLD | RSI=52.3, MACD=304.49 — 관망
[2026-05-25 03:09:29] [MA_Strategy] [DEBUG] MA 신호: HOLD | MA5=53307, MA20=52448, MA60=52265 — 관망 | 점수=0.50
[2026-05-25 03:09:29] [RSI_MACD_Strategy] [DEBUG] RSI/MACD 신호: HOLD | RSI=49.5, MACD=248.73 — 관망
[2026-05-25 03:09:29] [MA_Strategy] [DEBUG] MA 신호: HOLD | MA5=53292, MA20=52426, MA60=52282 — 관망 | 점수=0.70
[2026-05-25 03:09:29] [RSI_MACD_Strategy] [DEBUG] RSI/MACD 신호: HOLD | RSI=52.9, MACD=251.83 — 관망
[2026-05-25 03:09:29] [MA_Strategy] [DEBUG] MA 신호: HOLD | MA5=53144, MA20=52476, MA60=52312 — 관망 | 점수=0.50
[2026-05-25 03:09:29] [RSI_MACD_Strategy] [DEBUG] RSI/MACD 신호: HOLD | RSI=49.5, MACD=203.84 — 관망
[2026-05-25 03:09:29] [MA_Strategy] [DEBUG] MA 신호: HOLD | MA5=52760, MA20=52504, MA60=52334 — 관망 | 점수=0.50
[2026-05-25 03:09:29] [RSI_MACD_Strategy] [DEBUG] RSI/MACD 신호: HOLD | RSI=45.4, MACD=102.74 — 관망
[2026-05-25 03:09:29] [MA_Strategy] [DEBUG] MA 신호: SELL | 데드크로스 발생 | 점수=1.00
[2026-05-25 03:09:29] [RSI_MACD_Strategy] [DEBUG] RSI/MACD 신호: HOLD | RSI=40.5, MACD=-60.77 — 관망
[2026-05-25 03:09:29] [MA_Strategy] [DEBUG] MA 신호: SELL | MA20 2% 이탈 (현재가 49451 / MA20 52347) | 점수=0.70
[2026-05-25 03:09:29] [RSI_MACD_Strategy] [DEBUG] RSI/MACD 신호: HOLD | RSI=34.9, MACD=-303.45 — 관망
[2026-05-25 03:09:29] [MA_Strategy] [DEBUG] MA 신호: SELL | MA20 2% 이탈 (현재가 50483 / MA20 52328) | 점수=0.70
[2026-05-25 03:09:29] [RSI_MACD_Strategy] [DEBUG] RSI/MACD 신호: HOLD | RSI=41.2, MACD=-407.80 — 관망
[2026-05-25 03:09:29] [MA_Strategy] [DEBUG] MA 신호: SELL | MA20 2% 이탈 (현재가 49821 / MA20 52288) | 점수=0.70
[2026-05-25 03:09:29] [RSI_MACD_Strategy] [DEBUG] RSI/MACD 신호: HOLD | RSI=38.6, MACD=-537.72 — 관망
[2026-05-25 03:09:29] [MA_Strategy] [DEBUG] MA 신호: SELL | MA20 2% 이탈 (현재가 48304 / MA20 52203) | 점수=0.70
[2026-05-25 03:09:29] [RSI_MACD_Strategy] [DEBUG] RSI/MACD 신호: HOLD | RSI=33.5, MACD=-754.39 — 관망
[2026-05-25 03:09:29] [MA_Strategy] [DEBUG] MA 신호: SELL | MA20 2% 이탈 (현재가 48912 / MA20 52028) | 점수=0.70
[2026-05-25 03:09:29] [RSI_MACD_Strategy] [DEBUG] RSI/MACD 신호: HOLD | RSI=37.1, MACD=-867.05 — 관망
[2026-05-25 03:09:29] [MA_Strategy] [DEBUG] MA 신호: SELL | MA20 2% 이탈 (현재가 48518 / MA20 51817) | 점수=0.70
[2026-05-25 03:09:29] [RSI_MACD_Strategy] [DEBUG] RSI/MACD 신호: HOLD | RSI=35.7, MACD=-976.87 — 관망
[2026-05-25 03:09:29] [MA_Strategy] [DEBUG] MA 신호: SELL | MA20 2% 이탈 (현재가 47929 / MA20 51637) | 점수=0.70
[2026-05-25 03:09:29] [RSI_MACD_Strategy] [DEBUG] RSI/MACD 신호: HOLD | RSI=33.8, MACD=-1098.76 — 관망
[2026-05-25 03:09:29] [MA_Strategy] [DEBUG] MA 신호: SELL | MA20 2% 이탈 (현재가 47732 / MA20 51433) | 점수=0.70
[2026-05-25 03:09:29] [RSI_MACD_Strategy] [DEBUG] RSI/MACD 신호: HOLD | RSI=33.1, MACD=-1197.45 — 관망
[2026-05-25 03:09:29] [MA_Strategy] [DEBUG] MA 신호: SELL | MA20 2% 이탈 (현재가 46091 / MA20 51070) | 점수=0.70
[2026-05-25 03:09:29] [RSI_MACD_Strategy] [DEBUG] RSI/MACD 신호: HOLD | RSI=28.1, MACD=-1392.04 — 관망
[2026-05-25 03:09:29] [MA_Strategy] [DEBUG] MA 신호: SELL | MA20 2% 이탈 (현재가 46178 / MA20 50652) | 점수=0.70
[2026-05-25 03:09:29] [RSI_MACD_Strategy] [DEBUG] RSI/MACD 신호: HOLD | RSI=28.7, MACD=-1521.68 — 관망
[2026-05-25 03:09:29] [MA_Strategy] [DEBUG] MA 신호: SELL | MA20 2% 이탈 (현재가 46077 / MA20 50244) | 점수=0.70
[2026-05-25 03:09:29] [RSI_MACD_Strategy] [DEBUG] RSI/MACD 신호: HOLD | RSI=28.4, MACD=-1613.98 — 관망
[2026-05-25 03:09:29] [MA_Strategy] [DEBUG] MA 신호: SELL | MA20 2% 이탈 (현재가 46399 / MA20 49895) | 점수=0.70
[2026-05-25 03:09:29] [RSI_MACD_Strategy] [DEBUG] RSI/MACD 신호: HOLD | RSI=30.9, MACD=-1642.20 — 관망
[2026-05-25 03:09:29] [MA_Strategy] [DEBUG] MA 신호: SELL | MA20 2% 이탈 (현재가 45903 / MA20 49518) | 점수=0.70
[2026-05-25 03:09:29] [RSI_MACD_Strategy] [DEBUG] RSI/MACD 신호: HOLD | RSI=29.2, MACD=-1685.17 — 관망
[2026-05-25 03:09:29] [MA_Strategy] [DEBUG] MA 신호: SELL | MA20 2% 이탈 (현재가 44498 / MA20 49050) | 점수=0.70
[2026-05-25 03:09:29] [RSI_MACD_Strategy] [DEBUG] RSI/MACD 신호: HOLD | RSI=25.1, MACD=-1811.71 — 관망
[2026-05-25 03:09:29] [MA_Strategy] [DEBUG] MA 신호: SELL | MA20 2% 이탈 (현재가 43927 / MA20 48587) | 점수=0.70
[2026-05-25 03:09:29] [RSI_MACD_Strategy] [DEBUG] RSI/MACD 신호: HOLD | RSI=23.6, MACD=-1935.76 — 관망
[2026-05-25 03:09:29] [MA_Strategy] [DEBUG] MA 신호: SELL | MA20 2% 이탈 (현재가 46044 / MA20 48255) | 점수=0.70
[2026-05-25 03:09:29] [RSI_MACD_Strategy] [DEBUG] RSI/MACD 신호: HOLD | RSI=38.1, MACD=-1842.01 — 관망
[2026-05-25 03:09:29] [MA_Strategy] [DEBUG] MA 신호: HOLD | MA5=45510, MA20=47949, MA60=51238 — 관망 | 점수=0.50
[2026-05-25 03:09:29] [RSI_MACD_Strategy] [DEBUG] RSI/MACD 신호: HOLD | RSI=44.2, MACD=-1657.10 — 관망
[2026-05-25 03:09:29] [MA_Strategy] [DEBUG] MA 신호: HOLD | MA5=45817, MA20=47686, MA60=51135 — 관망 | 점수=0.50
[2026-05-25 03:09:29] [RSI_MACD_Strategy] [DEBUG] RSI/MACD 신호: BUY | RSI=45.5 + MACD 골든크로스
[2026-05-25 03:09:29] [MA_Strategy] [DEBUG] MA 신호: SELL | MA20 2% 이탈 (현재가 46322 / MA20 47405) | 점수=0.70
[2026-05-25 03:09:29] [RSI_MACD_Strategy] [DEBUG] RSI/MACD 신호: HOLD | RSI=41.0, MACD=-1400.37 — 관망
[2026-05-25 03:09:29] [MA_Strategy] [DEBUG] MA 신호: HOLD | MA5=46655, MA20=47175, MA60=50909 — 관망 | 점수=0.50
[2026-05-25 03:09:29] [RSI_MACD_Strategy] [DEBUG] RSI/MACD 신호: HOLD | RSI=40.9, MACD=-1329.90 — 관망
[2026-05-25 03:09:29] [MA_Strategy] [DEBUG] MA 신호: SELL | MA20 2% 이탈 (현재가 46053 / MA20 47005) | 점수=0.70
[2026-05-25 03:09:29] [RSI_MACD_Strategy] [DEBUG] RSI/MACD 신호: HOLD | RSI=39.9, MACD=-1278.84 — 관망
[2026-05-25 03:09:29] [MA_Strategy] [DEBUG] MA 신호: SELL | MA20 2% 이탈 (현재가 45032 / MA20 46732) | 점수=0.70
[2026-05-25 03:09:29] [RSI_MACD_Strategy] [DEBUG] RSI/MACD 신호: HOLD | RSI=36.0, MACD=-1305.71 — 관망
[2026-05-25 03:09:29] [MA_Strategy] [DEBUG] MA 신호: SELL | MA20 2% 이탈 (현재가 45487 / MA20 46516) | 점수=0.70
[2026-05-25 03:09:29] [RSI_MACD_Strategy] [DEBUG] RSI/MACD 신호: HOLD | RSI=38.9, MACD=-1275.59 — 관망
[2026-05-25 03:09:29] [MA_Strategy] [DEBUG] MA 신호: SELL | MA20 2% 이탈 (현재가 45135 / MA20 46357) | 점수=0.70
[2026-05-25 03:09:29] [RSI_MACD_Strategy] [DEBUG] RSI/MACD 신호: HOLD | RSI=37.5, MACD=-1265.53 — 관망
[2026-05-25 03:09:29] [MA_Strategy] [DEBUG] MA 신호: SELL | MA20 2% 이탈 (현재가 42615 / MA20 46042) | 점수=0.70
[2026-05-25 03:09:29] [RSI_MACD_Strategy] [DEBUG] RSI/MACD 신호: SELL | RSI=29.2 + MACD 데드크로스
[2026-05-25 03:09:29] [MA_Strategy] [DEBUG] MA 신호: SELL | MA20 2% 이탈 (현재가 43103 / MA20 45772) | 점수=0.70
[2026-05-25 03:09:29] [RSI_MACD_Strategy] [DEBUG] RSI/MACD 신호: HOLD | RSI=32.3, MACD=-1528.89 — 관망
[2026-05-25 03:09:29] [MA_Strategy] [DEBUG] MA 신호: SELL | MA20 2% 이탈 (현재가 44125 / MA20 45582) | 점수=0.70
[2026-05-25 03:09:29] [RSI_MACD_Strategy] [DEBUG] RSI/MACD 신호: HOLD | RSI=38.4, MACD=-1496.25 — 관망
[2026-05-25 03:09:29] [MA_Strategy] [DEBUG] MA 신호: HOLD | MA5=43935, MA20=45430, MA60=49721 — 관망 | 점수=0.50
[2026-05-25 03:09:29] [RSI_MACD_Strategy] [DEBUG] RSI/MACD 신호: BUY | RSI=41.6 + MACD 골든크로스
[2026-05-25 03:09:29] [MA_Strategy] [DEBUG] MA 신호: SELL | MA20 2% 이탈 (현재가 43426 / MA20 45297) | 점수=0.70
[2026-05-25 03:09:29] [RSI_MACD_Strategy] [DEBUG] RSI/MACD 신호: HOLD | RSI=37.0, MACD=-1424.20 — 관망
[2026-05-25 03:09:29] [MA_Strategy] [DEBUG] MA 신호: SELL | MA20 2% 이탈 (현재가 43161 / MA20 45146) | 점수=0.70
[2026-05-25 03:09:29] [RSI_MACD_Strategy] [DEBUG] RSI/MACD 신호: SELL | RSI=36.1 + MACD 데드크로스
[2026-05-25 03:09:29] [MA_Strategy] [DEBUG] MA 신호: SELL | MA20 2% 이탈 (현재가 42494 / MA20 44967) | 점수=0.70
[2026-05-25 03:09:29] [RSI_MACD_Strategy] [DEBUG] RSI/MACD 신호: HOLD | RSI=33.9, MACD=-1492.37 — 관망
[2026-05-25 03:09:29] [MA_Strategy] [DEBUG] MA 신호: SELL | MA20 2% 이탈 (현재가 42933 / MA20 44793) | 점수=0.70
[2026-05-25 03:09:29] [RSI_MACD_Strategy] [DEBUG] RSI/MACD 신호: HOLD | RSI=36.7, MACD=-1479.96 — 관망
[2026-05-25 03:09:29] [MA_Strategy] [DEBUG] MA 신호: HOLD | MA5=43356, MA20=44736, MA60=48910 — 관망 | 점수=0.50
[2026-05-25 03:09:29] [RSI_MACD_Strategy] [DEBUG] RSI/MACD 신호: BUY | RSI=46.6 + MACD 골든크로스
[2026-05-25 03:09:29] [MA_Strategy] [DEBUG] MA 신호: HOLD | MA5=43604, MA20=44745, MA60=48757 — 관망 | 점수=0.50
[2026-05-25 03:09:29] [RSI_MACD_Strategy] [DEBUG] RSI/MACD 신호: HOLD | RSI=46.2, MACD=-1164.84 — 관망
[2026-05-25 03:09:29] [MA_Strategy] [DEBUG] MA 신호: SELL | MA20 2% 이탈 (현재가 42950 / MA20 44696) | 점수=0.70
[2026-05-25 03:09:29] [RSI_MACD_Strategy] [DEBUG] RSI/MACD 신호: HOLD | RSI=39.5, MACD=-1176.96 — 관망
[2026-05-25 03:09:29] [MA_Strategy] [DEBUG] MA 신호: SELL | MA20 2% 이탈 (현재가 43521 / MA20 44570) | 점수=0.70
[2026-05-25 03:09:29] [RSI_MACD_Strategy] [DEBUG] RSI/MACD 신호: HOLD | RSI=42.5, MACD=-1127.49 — 관망
[2026-05-25 03:09:29] [MA_Strategy] [DEBUG] MA 신호: HOLD | MA5=43978, MA20=44410, MA60=48262 — 관망 | 점수=0.50
[2026-05-25 03:09:29] [RSI_MACD_Strategy] [DEBUG] RSI/MACD 신호: HOLD | RSI=44.9, MACD=-1038.55 — 관망
[2026-05-25 03:09:29] [MA_Strategy] [DEBUG] MA 신호: HOLD | MA5=43727, MA20=44214, MA60=48125 — 관망 | 점수=0.50
[2026-05-25 03:09:29] [RSI_MACD_Strategy] [DEBUG] RSI/MACD 신호: HOLD | RSI=42.9, MACD=-995.48 — 관망
[2026-05-25 03:09:29] [MA_Strategy] [DEBUG] MA 신호: SELL | MA20 2% 이탈 (현재가 42598 / MA20 44028) | 점수=0.70
[2026-05-25 03:09:29] [RSI_MACD_Strategy] [DEBUG] RSI/MACD 신호: HOLD | RSI=39.4, MACD=-1022.91 — 관망
[2026-05-25 03:09:29] [MA_Strategy] [DEBUG] MA 신호: HOLD | MA5=43357, MA20=43871, MA60=47837 — 관망 | 점수=0.50
[2026-05-25 03:09:29] [RSI_MACD_Strategy] [DEBUG] RSI/MACD 신호: HOLD | RSI=42.6, MACD=-987.11 — 관망
[2026-05-25 03:09:29] [MA_Strategy] [DEBUG] MA 신호: HOLD | MA5=43232, MA20=43714, MA60=47689 — 관망 | 점수=0.50
[2026-05-25 03:09:29] [RSI_MACD_Strategy] [DEBUG] RSI/MACD 신호: HOLD | RSI=41.5, MACD=-969.59 — 관망
[2026-05-25 03:09:29] [MA_Strategy] [DEBUG] MA 신호: HOLD | MA5=43061, MA20=43619, MA60=47560 — 관망 | 점수=0.50
[2026-05-25 03:09:29] [RSI_MACD_Strategy] [DEBUG] RSI/MACD 신호: HOLD | RSI=42.9, MACD=-925.91 — 관망
[2026-05-25 03:09:29] [MA_Strategy] [DEBUG] MA 신호: SELL | MA20 2% 이탈 (현재가 42369 / MA20 43463) | 점수=0.70
[2026-05-25 03:09:29] [RSI_MACD_Strategy] [DEBUG] RSI/MACD 신호: HOLD | RSI=39.6, MACD=-942.16 — 관망
[2026-05-25 03:09:29] [MA_Strategy] [DEBUG] MA 신호: HOLD | MA5=42862, MA20=43343, MA60=47301 — 관망 | 점수=0.50
[2026-05-25 03:09:29] [RSI_MACD_Strategy] [DEBUG] RSI/MACD 신호: HOLD | RSI=41.9, MACD=-914.56 — 관망
[2026-05-25 03:09:29] [MA_Strategy] [DEBUG] MA 신호: HOLD | MA5=42805, MA20=43357, MA60=47142 — 관망 | 점수=0.50
[2026-05-25 03:09:29] [RSI_MACD_Strategy] [DEBUG] RSI/MACD 신호: HOLD | RSI=42.8, MACD=-870.95 — 관망
[2026-05-25 03:09:29] [MA_Strategy] [DEBUG] MA 신호: SELL | MA20 2% 이탈 (현재가 42404 / MA20 43322) | 점수=0.70
[2026-05-25 03:09:29] [RSI_MACD_Strategy] [DEBUG] RSI/MACD 신호: HOLD | RSI=40.5, MACD=-865.22 — 관망
[2026-05-25 03:09:29] [MA_Strategy] [DEBUG] MA 신호: SELL | MA20 2% 이탈 (현재가 42131 / MA20 43222) | 점수=0.70
[2026-05-25 03:09:29] [RSI_MACD_Strategy] [DEBUG] RSI/MACD 신호: HOLD | RSI=39.2, MACD=-872.65 — 관망
[2026-05-25 03:09:29] [MA_Strategy] [DEBUG] MA 신호: HOLD | MA5=42681, MA20=43149, MA60=46671 — 관망 | 점수=0.50
[2026-05-25 03:09:29] [RSI_MACD_Strategy] [DEBUG] RSI/MACD 신호: HOLD | RSI=46.7, MACD=-779.59 — 관망
[2026-05-25 03:09:29] [MA_Strategy] [DEBUG] MA 신호: HOLD | MA5=42904, MA20=43171, MA60=46513 — 관망 | 점수=0.50
[2026-05-25 03:09:29] [RSI_MACD_Strategy] [DEBUG] RSI/MACD 신호: HOLD | RSI=50.4, MACD=-649.12 — 관망
[2026-05-25 03:09:29] [MA_Strategy] [DEBUG] MA 신호: HOLD | MA5=42864, MA20=43147, MA60=46315 — 관망 | 점수=0.50
[2026-05-25 03:09:29] [RSI_MACD_Strategy] [DEBUG] RSI/MACD 신호: HOLD | RSI=44.1, MACD=-633.17 — 관망
[2026-05-25 03:09:29] [MA_Strategy] [DEBUG] MA 신호: SELL | MA20 2% 이탈 (현재가 42075 / MA20 43126) | 점수=0.70
[2026-05-25 03:09:29] [RSI_MACD_Strategy] [DEBUG] RSI/MACD 신호: HOLD | RSI=41.3, MACD=-661.87 — 관망
[2026-05-25 03:09:29] [MA_Strategy] [DEBUG] MA 신호: HOLD | MA5=42934, MA20=43120, MA60=45936 — 관망 | 점수=0.50
[2026-05-25 03:09:29] [RSI_MACD_Strategy] [DEBUG] RSI/MACD 신호: HOLD | RSI=45.9, MACD=-617.94 — 관망
[2026-05-25 03:09:29] [MA_Strategy] [DEBUG] MA 신호: SELL | MA20 2% 이탈 (현재가 41875 / MA20 42975) | 점수=0.70
[2026-05-25 03:09:29] [RSI_MACD_Strategy] [DEBUG] RSI/MACD 신호: HOLD | RSI=41.4, MACD=-651.31 — 관망
[2026-05-25 03:09:29] [MA_Strategy] [DEBUG] MA 신호: SELL | MA20 2% 이탈 (현재가 41417 / MA20 42813) | 점수=0.70
[2026-05-25 03:09:29] [RSI_MACD_Strategy] [DEBUG] RSI/MACD 신호: HOLD | RSI=39.5, MACD=-706.57 — 관망
[2026-05-25 03:09:29] [MA_Strategy] [DEBUG] MA 신호: SELL | MA20 2% 이탈 (현재가 41290 / MA20 42730) | 점수=0.70
[2026-05-25 03:09:29] [RSI_MACD_Strategy] [DEBUG] RSI/MACD 신호: SELL | RSI=38.9 + MACD 데드크로스
[2026-05-25 03:09:29] [MA_Strategy] [DEBUG] MA 신호: SELL | MA20 2% 이탈 (현재가 40717 / MA20 42590) | 점수=0.70
[2026-05-25 03:09:29] [RSI_MACD_Strategy] [DEBUG] RSI/MACD 신호: HOLD | RSI=36.4, MACD=-824.63 — 관망
[2026-05-25 03:09:29] [MA_Strategy] [DEBUG] MA 신호: SELL | MA20 2% 이탈 (현재가 39689 / MA20 42375) | 점수=0.70
[2026-05-25 03:09:29] [RSI_MACD_Strategy] [DEBUG] RSI/MACD 신호: HOLD | RSI=32.4, MACD=-954.19 — 관망
[2026-05-25 03:09:29] [MA_Strategy] [DEBUG] MA 신호: SELL | MA20 2% 이탈 (현재가 39626 / MA20 42181) | 점수=0.70
[2026-05-25 03:09:29] [RSI_MACD_Strategy] [DEBUG] RSI/MACD 신호: HOLD | RSI=32.1, MACD=-1049.84 — 관망
[2026-05-25 03:09:29] [MA_Strategy] [DEBUG] MA 신호: SELL | MA20 2% 이탈 (현재가 39960 / MA20 42049) | 점수=0.70
[2026-05-25 03:09:29] [RSI_MACD_Strategy] [DEBUG] RSI/MACD 신호: HOLD | RSI=34.8, MACD=-1086.18 — 관망
[2026-05-25 03:09:29] [MA_Strategy] [DEBUG] MA 신호: SELL | MA20 2% 이탈 (현재가 41083 / MA20 41944) | 점수=0.70
[2026-05-25 03:09:29] [RSI_MACD_Strategy] [DEBUG] RSI/MACD 신호: HOLD | RSI=43.0, MACD=-1012.69 — 관망
[2026-05-25 03:09:29] [MA_Strategy] [DEBUG] MA 신호: HOLD | MA5=40364, MA20=41873, MA60=44197 — 관망 | 점수=0.50
[2026-05-25 03:09:29] [RSI_MACD_Strategy] [DEBUG] RSI/MACD 신호: BUY | RSI=45.5 + MACD 골든크로스
[2026-05-25 03:09:29] [MA_Strategy] [DEBUG] MA 신호: HOLD | MA5=40785, MA20=41806, MA60=44052 — 관망 | 점수=0.50
[2026-05-25 03:09:29] [RSI_MACD_Strategy] [DEBUG] RSI/MACD 신호: HOLD | RSI=47.7, MACD=-798.79 — 관망
[2026-05-25 03:09:29] [MA_Strategy] [DEBUG] MA 신호: HOLD | MA5=41239, MA20=41782, MA60=43920 — 관망 | 점수=0.50
[2026-05-25 03:09:29] [RSI_MACD_Strategy] [DEBUG] RSI/MACD 신호: HOLD | RSI=48.4, MACD=-691.46 — 관망
[2026-05-25 03:09:29] [MA_Strategy] [DEBUG] MA 신호: HOLD | MA5=41616, MA20=41737, MA60=43813 — 관망 | 점수=0.50
[2026-05-25 03:09:29] [RSI_MACD_Strategy] [DEBUG] RSI/MACD 신호: HOLD | RSI=48.0, MACD=-603.80 — 관망
[2026-05-25 03:09:29] [MA_Strategy] [DEBUG] MA 신호: HOLD | MA5=41932, MA20=41726, MA60=43708 — 관망 | 점수=0.70
[2026-05-25 03:09:29] [RSI_MACD_Strategy] [DEBUG] RSI/MACD 신호: HOLD | RSI=53.6, MACD=-462.98 — 관망
[2026-05-25 03:09:29] [MA_Strategy] [DEBUG] MA 신호: HOLD | MA5=41999, MA20=41696, MA60=43596 — 관망 | 점수=0.30
[2026-05-25 03:09:29] [RSI_MACD_Strategy] [DEBUG] RSI/MACD 신호: HOLD | RSI=47.8, MACD=-416.14 — 관망
[2026-05-25 03:09:29] [MA_Strategy] [DEBUG] MA 신호: HOLD | MA5=41914, MA20=41658, MA60=43487 — 관망 | 점수=0.30
[2026-05-25 03:09:29] [RSI_MACD_Strategy] [DEBUG] RSI/MACD 신호: HOLD | RSI=45.1, MACD=-409.24 — 관망
[2026-05-25 03:09:29] [MA_Strategy] [DEBUG] MA 신호: HOLD | MA5=41928, MA20=41594, MA60=43391 — 관망 | 점수=0.50
[2026-05-25 03:09:29] [RSI_MACD_Strategy] [DEBUG] RSI/MACD 신호: HOLD | RSI=49.3, MACD=-351.39 — 관망
[2026-05-25 03:09:29] [MA_Strategy] [DEBUG] MA 신호: HOLD | MA5=41962, MA20=41502, MA60=43323 — 관망 | 점수=0.50
[2026-05-25 03:09:29] [RSI_MACD_Strategy] [DEBUG] RSI/MACD 신호: HOLD | RSI=49.7, MACD=-298.07 — 관망
[2026-05-25 03:09:29] [MA_Strategy] [DEBUG] MA 신호: HOLD | MA5=41847, MA20=41472, MA60=43255 — 관망 | 점수=0.50
[2026-05-25 03:09:29] [RSI_MACD_Strategy] [DEBUG] RSI/MACD 신호: HOLD | RSI=50.2, MACD=-247.24 — 관망
[2026-05-25 03:09:29] [MA_Strategy] [DEBUG] MA 신호: HOLD | MA5=41815, MA20=41450, MA60=43181 — 관망 | 점수=0.30
[2026-05-25 03:09:29] [RSI_MACD_Strategy] [DEBUG] RSI/MACD 신호: HOLD | RSI=46.9, MACD=-240.41 — 관망
[2026-05-25 03:09:29] [MA_Strategy] [DEBUG] MA 신호: HOLD | MA5=41829, MA20=41381, MA60=43098 — 관망 | 점수=0.30
[2026-05-25 03:09:29] [RSI_MACD_Strategy] [DEBUG] RSI/MACD 신호: HOLD | RSI=45.5, MACD=-248.36 — 관망
[2026-05-25 03:09:29] [MA_Strategy] [DEBUG] MA 신호: HOLD | MA5=42021, MA20=41434, MA60=43049 — 관망 | 점수=0.50
[2026-05-25 03:09:29] [RSI_MACD_Strategy] [DEBUG] RSI/MACD 신호: HOLD | RSI=56.1, MACD=-132.97 — 관망
[2026-05-25 03:09:29] [MA_Strategy] [DEBUG] MA 신호: HOLD | MA5=42260, MA20=41524, MA60=43027 — 관망 | 점수=0.50
[2026-05-25 03:09:29] [RSI_MACD_Strategy] [DEBUG] RSI/MACD 신호: HOLD | RSI=57.9, MACD=-18.16 — 관망
[2026-05-25 03:09:29] [MA_Strategy] [DEBUG] MA 신호: HOLD | MA5=42365, MA20=41590, MA60=43005 — 관망 | 점수=0.50
[2026-05-25 03:09:29] [RSI_MACD_Strategy] [DEBUG] RSI/MACD 신호: HOLD | RSI=53.2, MACD=23.98 — 관망
[2026-05-25 03:09:29] [MA_Strategy] [DEBUG] MA 신호: HOLD | MA5=42799, MA20=41744, MA60=42968 — 관망 | 점수=0.50
[2026-05-25 03:09:29] [RSI_MACD_Strategy] [DEBUG] RSI/MACD 신호: HOLD | RSI=60.1, MACD=152.21 — 관망
[2026-05-25 03:09:29] [MA_Strategy] [DEBUG] MA 신호: HOLD | MA5=43163, MA20=41923, MA60=42903 — 관망 | 점수=0.50
[2026-05-25 03:09:29] [RSI_MACD_Strategy] [DEBUG] RSI/MACD 신호: HOLD | RSI=56.0, MACD=206.82 — 관망
[2026-05-25 03:09:29] [MA_Strategy] [DEBUG] MA 신호: HOLD | MA5=43382, MA20=42142, MA60=42846 — 관망 | 점수=0.50
[2026-05-25 03:09:29] [RSI_MACD_Strategy] [DEBUG] RSI/MACD 신호: HOLD | RSI=60.1, MACD=308.52 — 관망
[2026-05-25 03:09:29] [MA_Strategy] [DEBUG] MA 신호: HOLD | MA5=43664, MA20=42376, MA60=42817 — 관망 | 점수=0.50
[2026-05-25 03:09:29] [RSI_MACD_Strategy] [DEBUG] RSI/MACD 신호: HOLD | RSI=63.0, MACD=432.54 — 관망
[2026-05-25 03:09:29] [MA_Strategy] [DEBUG] MA 신호: HOLD | MA5=44142, MA20=42571, MA60=42796 — 관망 | 점수=0.60
[2026-05-25 03:09:29] [RSI_MACD_Strategy] [DEBUG] RSI/MACD 신호: HOLD | RSI=64.7, MACD=554.94 — 관망
[2026-05-25 03:09:29] [MA_Strategy] [DEBUG] MA 신호: HOLD | MA5=44754, MA20=42842, MA60=42809 — 관망 | 점수=0.70
[2026-05-25 03:09:29] [RSI_MACD_Strategy] [DEBUG] RSI/MACD 신호: HOLD | RSI=71.8, MACD=793.60 — 관망
[2026-05-25 03:09:29] [MA_Strategy] [DEBUG] MA 신호: HOLD | MA5=45456, MA20=43090, MA60=42838 — 관망 | 점수=0.70
[2026-05-25 03:09:29] [RSI_MACD_Strategy] [DEBUG] RSI/MACD 신호: HOLD | RSI=70.9, MACD=963.09 — 관망
[2026-05-25 03:09:29] [MA_Strategy] [DEBUG] MA 신호: HOLD | MA5=45855, MA20=43296, MA60=42847 — 관망 | 점수=0.70
[2026-05-25 03:09:29] [RSI_MACD_Strategy] [DEBUG] RSI/MACD 신호: HOLD | RSI=64.9, MACD=1025.15 — 관망
[2026-05-25 03:09:29] [MA_Strategy] [DEBUG] MA 신호: HOLD | MA5=46230, MA20=43529, MA60=42870 — 관망 | 점수=0.70
[2026-05-25 03:09:29] [RSI_MACD_Strategy] [DEBUG] RSI/MACD 신호: HOLD | RSI=66.9, MACD=1100.94 — 관망
[2026-05-25 03:09:29] [MA_Strategy] [DEBUG] MA 신호: HOLD | MA5=46252, MA20=43652, MA60=42911 — 관망 | 점수=0.50
[2026-05-25 03:09:29] [RSI_MACD_Strategy] [DEBUG] RSI/MACD 신호: HOLD | RSI=57.1, MACD=1036.58 — 관망
[2026-05-25 03:09:29] [MA_Strategy] [DEBUG] MA 신호: HOLD | MA5=45912, MA20=43820, MA60=42946 — 관망 | 점수=0.60
[2026-05-25 03:09:29] [RSI_MACD_Strategy] [DEBUG] RSI/MACD 신호: HOLD | RSI=57.4, MACD=979.36 — 관망
[2026-05-25 03:09:29] [MA_Strategy] [DEBUG] MA 신호: HOLD | MA5=45690, MA20=44034, MA60=42971 — 관망 | 점수=0.50
[2026-05-25 03:09:29] [RSI_MACD_Strategy] [DEBUG] RSI/MACD 신호: HOLD | RSI=59.8, MACD=961.98 — 관망
[2026-05-25 03:09:29] [MA_Strategy] [DEBUG] MA 신호: HOLD | MA5=45787, MA20=44261, MA60=43001 — 관망 | 점수=0.70
[2026-05-25 03:09:29] [RSI_MACD_Strategy] [DEBUG] RSI/MACD 신호: HOLD | RSI=63.5, MACD=1004.73 — 관망
[2026-05-25 03:09:29] [MA_Strategy] [DEBUG] MA 신호: HOLD | MA5=45866, MA20=44505, MA60=43059 — 관망 | 점수=0.70
[2026-05-25 03:09:29] [RSI_MACD_Strategy] [DEBUG] RSI/MACD 신호: HOLD | RSI=65.2, MACD=1058.68 — 관망
[2026-05-25 03:09:29] [MA_Strategy] [DEBUG] MA 신호: HOLD | MA5=46229, MA20=44747, MA60=43122 — 관망 | 점수=0.70
[2026-05-25 03:09:29] [RSI_MACD_Strategy] [DEBUG] RSI/MACD 신호: HOLD | RSI=65.3, MACD=1090.80 — 관망
[2026-05-25 03:09:29] [MA_Strategy] [DEBUG] MA 신호: HOLD | MA5=46584, MA20=45012, MA60=43196 — 관망 | 점수=0.70
[2026-05-25 03:09:29] [RSI_MACD_Strategy] [DEBUG] RSI/MACD 신호: HOLD | RSI=65.4, MACD=1105.29 — 관망
[2026-05-25 03:09:29] [MA_Strategy] [DEBUG] MA 신호: HOLD | MA5=46894, MA20=45301, MA60=43267 — 관망 | 점수=0.70
[2026-05-25 03:09:29] [RSI_MACD_Strategy] [DEBUG] RSI/MACD 신호: HOLD | RSI=66.6, MACD=1124.78 — 관망
[2026-05-25 03:09:29] [MA_Strategy] [DEBUG] MA 신호: HOLD | MA5=47039, MA20=45516, MA60=43308 — 관망 | 점수=0.70
[2026-05-25 03:09:29] [RSI_MACD_Strategy] [DEBUG] RSI/MACD 신호: HOLD | RSI=66.7, MACD=1128.76 — 관망
[2026-05-25 03:09:29] [MA_Strategy] [DEBUG] MA 신호: HOLD | MA5=47140, MA20=45725, MA60=43354 — 관망 | 점수=0.70
[2026-05-25 03:09:29] [RSI_MACD_Strategy] [DEBUG] RSI/MACD 신호: HOLD | RSI=67.7, MACD=1133.29 — 관망
[2026-05-25 03:09:29] [MA_Strategy] [DEBUG] MA 신호: HOLD | MA5=47292, MA20=45979, MA60=43433 — 관망 | 점수=0.70
[2026-05-25 03:09:29] [RSI_MACD_Strategy] [DEBUG] RSI/MACD 신호: HOLD | RSI=69.1, MACD=1146.33 — 관망
[2026-05-25 03:09:29] [MA_Strategy] [DEBUG] MA 신호: HOLD | MA5=47614, MA20=46216, MA60=43517 — 관망 | 점수=0.70
[2026-05-25 03:09:29] [RSI_MACD_Strategy] [DEBUG] RSI/MACD 신호: HOLD | RSI=73.1, MACD=1212.90 — 관망
[2026-05-25 03:09:29] [MA_Strategy] [DEBUG] MA 신호: HOLD | MA5=47829, MA20=46467, MA60=43588 — 관망 | 점수=0.70
[2026-05-25 03:09:29] [RSI_MACD_Strategy] [DEBUG] RSI/MACD 신호: HOLD | RSI=70.0, MACD=1229.45 — 관망
[2026-05-25 03:09:29] [MA_Strategy] [DEBUG] MA 신호: HOLD | MA5=48249, MA20=46732, MA60=43685 — 관망 | 점수=0.80
[2026-05-25 03:09:29] [RSI_MACD_Strategy] [DEBUG] RSI/MACD 신호: HOLD | RSI=74.4, MACD=1311.52 — 관망
[2026-05-25 03:09:29] [MA_Strategy] [DEBUG] MA 신호: HOLD | MA5=48814, MA20=47013, MA60=43812 — 관망 | 점수=0.70
[2026-05-25 03:09:29] [RSI_MACD_Strategy] [DEBUG] RSI/MACD 신호: HOLD | RSI=77.5, MACD=1432.92 — 관망
[2026-05-25 03:09:29] [MA_Strategy] [DEBUG] MA 신호: HOLD | MA5=49295, MA20=47267, MA60=43928 — 관망 | 점수=0.70
[2026-05-25 03:09:29] [RSI_MACD_Strategy] [DEBUG] RSI/MACD 신호: HOLD | RSI=76.0, MACD=1500.85 — 관망
[2026-05-25 03:09:29] [MA_Strategy] [DEBUG] MA 신호: HOLD | MA5=49418, MA20=47382, MA60=44032 — 관망 | 점수=0.50
[2026-05-25 03:09:29] [RSI_MACD_Strategy] [DEBUG] RSI/MACD 신호: HOLD | RSI=66.7, MACD=1463.66 — 관망
[2026-05-25 03:09:29] [MA_Strategy] [DEBUG] MA 신호: HOLD | MA5=49687, MA20=47525, MA60=44140 — 관망 | 점수=0.50
[2026-05-25 03:09:29] [RSI_MACD_Strategy] [DEBUG] RSI/MACD 신호: HOLD | RSI=68.8, MACD=1454.05 — 관망
[2026-05-25 03:09:29] [MA_Strategy] [DEBUG] MA 신호: HOLD | MA5=50070, MA20=47786, MA60=44288 — 관망 | 점수=0.70
[2026-05-25 03:09:29] [RSI_MACD_Strategy] [DEBUG] RSI/MACD 신호: HOLD | RSI=74.7, MACD=1558.55 — 관망
[2026-05-25 03:09:29] [MA_Strategy] [DEBUG] MA 신호: HOLD | MA5=50095, MA20=47979, MA60=44415 — 관망 | 점수=0.80
[2026-05-25 03:09:30] [RSI_MACD_Strategy] [DEBUG] RSI/MACD 신호: HOLD | RSI=67.2, MACD=1552.15 — 관망
[2026-05-25 03:09:30] [MA_Strategy] [DEBUG] MA 신호: HOLD | MA5=49770, MA20=48147, MA60=44508 — 관망 | 점수=0.50
[2026-05-25 03:09:30] [RSI_MACD_Strategy] [DEBUG] RSI/MACD 신호: HOLD | RSI=54.5, MACD=1378.91 — 관망
[2026-05-25 03:09:30] [MA_Strategy] [DEBUG] MA 신호: HOLD | MA5=49760, MA20=48344, MA60=44620 — 관망 | 점수=0.50
[2026-05-25 03:09:30] [RSI_MACD_Strategy] [DEBUG] RSI/MACD 신호: HOLD | RSI=57.5, MACD=1279.64 — 관망
[2026-05-25 03:09:30] [MA_Strategy] [DEBUG] MA 신호: HOLD | MA5=49442, MA20=48463, MA60=44718 — 관망 | 점수=0.60
[2026-05-25 03:09:30] [RSI_MACD_Strategy] [DEBUG] RSI/MACD 신호: HOLD | RSI=51.5, MACD=1100.64 — 관망
[2026-05-25 03:09:30] [MA_Strategy] [DEBUG] MA 신호: SELL | MA20 2% 이탈 (현재가 47279 / MA20 48502) | 점수=0.20
[2026-05-25 03:09:30] [RSI_MACD_Strategy] [DEBUG] RSI/MACD 신호: HOLD | RSI=47.7, MACD=887.64 — 관망
[2026-05-25 03:09:30] [MA_Strategy] [DEBUG] MA 신호: SELL | 데드크로스 발생 | 점수=0.60
[2026-05-25 03:09:30] [RSI_MACD_Strategy] [DEBUG] RSI/MACD 신호: HOLD | RSI=51.7, MACD=774.21 — 관망
[2026-05-25 03:09:30] [MA_Strategy] [DEBUG] MA 신호: HOLD | MA5=48094, MA20=48613, MA60=44944 — 관망 | 점수=0.30
[2026-05-25 03:09:30] [RSI_MACD_Strategy] [DEBUG] RSI/MACD 신호: HOLD | RSI=51.1, MACD=667.51 — 관망
[2026-05-25 03:09:30] [MA_Strategy] [DEBUG] MA 신호: HOLD | MA5=47909, MA20=48675, MA60=45046 — 관망 | 점수=0.40
[2026-05-25 03:09:30] [RSI_MACD_Strategy] [DEBUG] RSI/MACD 신호: HOLD | RSI=52.3, MACD=594.74 — 관망
[2026-05-25 03:09:30] [MA_Strategy] [DEBUG] MA 신호: HOLD | MA5=47879, MA20=48709, MA60=45130 — 관망 | 점수=0.50
[2026-05-25 03:09:30] [RSI_MACD_Strategy] [DEBUG] RSI/MACD 신호: HOLD | RSI=50.5, MACD=506.21 — 관망
[2026-05-25 03:09:30] [MA_Strategy] [DEBUG] MA 신호: HOLD | MA5=47995, MA20=48741, MA60=45230 — 관망 | 점수=0.30
[2026-05-25 03:09:30] [RSI_MACD_Strategy] [DEBUG] RSI/MACD 신호: HOLD | RSI=50.4, MACD=428.85 — 관망
[2026-05-25 03:09:30] [MA_Strategy] [DEBUG] MA 신호: SELL | MA20 2% 이탈 (현재가 47586 / MA20 48750) | 점수=0.50
[2026-05-25 03:09:30] [RSI_MACD_Strategy] [DEBUG] RSI/MACD 신호: HOLD | RSI=48.7, MACD=341.81 — 관망
[2026-05-25 03:09:30] [MA_Strategy] [DEBUG] MA 신호: SELL | MA20 2% 이탈 (현재가 47722 / MA20 48752) | 점수=0.50
[2026-05-25 03:09:30] [RSI_MACD_Strategy] [DEBUG] RSI/MACD 신호: HOLD | RSI=49.6, MACD=280.58 — 관망
[2026-05-25 03:09:30] [MA_Strategy] [DEBUG] MA 신호: SELL | MA20 2% 이탈 (현재가 46625 / MA20 48656) | 점수=0.50
[2026-05-25 03:09:30] [RSI_MACD_Strategy] [DEBUG] RSI/MACD 신호: HOLD | RSI=42.9, MACD=141.89 — 관망
[2026-05-25 03:09:30] [MA_Strategy] [DEBUG] MA 신호: HOLD | MA5=47494, MA20=48626, MA60=45672 — 관망 | 점수=0.40
[2026-05-25 03:09:30] [RSI_MACD_Strategy] [DEBUG] RSI/MACD 신호: HOLD | RSI=49.9, MACD=115.78 — 관망
[2026-05-25 03:09:30] [MA_Strategy] [DEBUG] MA 신호: HOLD | MA5=47447, MA20=48540, MA60=45805 — 관망 | 점수=0.40
[2026-05-25 03:09:30] [RSI_MACD_Strategy] [DEBUG] RSI/MACD 신호: HOLD | RSI=49.5, MACD=89.29 — 관망
[2026-05-25 03:09:30] [MA_Strategy] [DEBUG] MA 신호: HOLD | MA5=47538, MA20=48431, MA60=45940 — 관망 | 점수=0.40
[2026-05-25 03:09:30] [RSI_MACD_Strategy] [DEBUG] RSI/MACD 신호: HOLD | RSI=52.2, MACD=101.03 — 관망
[2026-05-25 03:09:30] [MA_Strategy] [DEBUG] MA 신호: HOLD | MA5=47462, MA20=48294, MA60=46044 — 관망 | 점수=0.30
[2026-05-25 03:09:30] [RSI_MACD_Strategy] [DEBUG] RSI/MACD 신호: HOLD | RSI=47.7, MACD=53.47 — 관망
[2026-05-25 03:09:30] [MA_Strategy] [DEBUG] MA 신호: SELL | MA20 2% 이탈 (현재가 47119 / MA20 48191) | 점수=0.50
[2026-05-25 03:09:30] [RSI_MACD_Strategy] [DEBUG] RSI/MACD 신호: HOLD | RSI=46.3, MACD=-2.35 — 관망
[2026-05-25 03:09:30] [MA_Strategy] [DEBUG] MA 신호: HOLD | MA5=47472, MA20=48072, MA60=46229 — 관망 | 점수=0.30
[2026-05-25 03:09:30] [RSI_MACD_Strategy] [DEBUG] RSI/MACD 신호: HOLD | RSI=47.2, MACD=-36.72 — 관망
[2026-05-25 03:09:30] [MA_Strategy] [DEBUG] MA 신호: HOLD | MA5=47493, MA20=47896, MA60=46326 — 관망 | 점수=0.40
[2026-05-25 03:09:30] [RSI_MACD_Strategy] [DEBUG] RSI/MACD 신호: HOLD | RSI=50.7, MACD=-24.22 — 관망
[2026-05-25 03:09:30] [MA_Strategy] [DEBUG] MA 신호: HOLD | MA5=47584, MA20=47803, MA60=46437 — 관망 | 점수=0.40
[2026-05-25 03:09:30] [RSI_MACD_Strategy] [DEBUG] RSI/MACD 신호: HOLD | RSI=55.8, MACD=47.35 — 관망
[2026-05-25 03:09:30] [MA_Strategy] [DEBUG] MA 신호: HOLD | MA5=47710, MA20=47779, MA60=46526 — 관망 | 점수=0.40
[2026-05-25 03:09:30] [RSI_MACD_Strategy] [DEBUG] RSI/MACD 신호: HOLD | RSI=51.9, MACD=61.24 — 관망
[2026-05-25 03:09:30] [MA_Strategy] [DEBUG] MA 신호: BUY | 골든크로스 발생 (MA5=47710 > MA20=47679) | 점수=0.70
[2026-05-25 03:09:30] [RSI_MACD_Strategy] [DEBUG] RSI/MACD 신호: HOLD | RSI=46.2, MACD=3.07 — 관망
[2026-05-25 03:09:30] [MA_Strategy] [DEBUG] MA 신호: SELL | 데드크로스 발생 | 점수=0.60
[2026-05-25 03:09:30] [RSI_MACD_Strategy] [DEBUG] RSI/MACD 신호: HOLD | RSI=43.9, MACD=-72.70 — 관망
[2026-05-25 03:09:30] [MA_Strategy] [DEBUG] MA 신호: SELL | MA20 2% 이탈 (현재가 46414 / MA20 47571) | 점수=0.70
[2026-05-25 03:09:30] [RSI_MACD_Strategy] [DEBUG] RSI/MACD 신호: HOLD | RSI=42.0, MACD=-157.16 — 관망
[2026-05-25 03:09:30] [MA_Strategy] [DEBUG] MA 신호: HOLD | MA5=47095, MA20=47528, MA60=46865 — 관망 | 점수=0.40
[2026-05-25 03:09:30] [RSI_MACD_Strategy] [DEBUG] RSI/MACD 신호: HOLD | RSI=48.1, MACD=-156.45 — 관망
[2026-05-25 03:09:30] [MA_Strategy] [DEBUG] MA 신호: HOLD | MA5=46867, MA20=47472, MA60=46944 — 관망 | 점수=0.50
[2026-05-25 03:09:30] [RSI_MACD_Strategy] [DEBUG] RSI/MACD 신호: HOLD | RSI=45.6, MACD=-185.70 — 관망
[2026-05-25 03:09:30] [MA_Strategy] [DEBUG] MA 신호: SELL | MA20 2% 이탈 (현재가 46098 / MA20 47367) | 점수=0.70
[2026-05-25 03:09:30] [RSI_MACD_Strategy] [DEBUG] RSI/MACD 신호: HOLD | RSI=41.3, MACD=-265.21 — 관망
[2026-05-25 03:09:30] [MA_Strategy] [DEBUG] MA 신호: HOLD | MA5=46611, MA20=47297, MA60=47102 — 관망 | 점수=0.50
[2026-05-25 03:09:30] [RSI_MACD_Strategy] [DEBUG] RSI/MACD 신호: HOLD | RSI=44.2, MACD=-294.17 — 관망
[2026-05-25 03:09:30] [MA_Strategy] [DEBUG] MA 신호: HOLD | MA5=46894, MA20=47295, MA60=47184 — 관망 | 점수=0.40
[2026-05-25 03:09:30] [RSI_MACD_Strategy] [DEBUG] RSI/MACD 신호: HOLD | RSI=53.2, MACD=-205.82 — 관망
[2026-05-25 03:09:30] [MA_Strategy] [DEBUG] MA 신호: HOLD | MA5=47009, MA20=47306, MA60=47261 — 관망 | 점수=0.50
[2026-05-25 03:09:30] [RSI_MACD_Strategy] [DEBUG] RSI/MACD 신호: BUY | RSI=53.1 + MACD 골든크로스
[2026-05-25 03:09:30] [MA_Strategy] [DEBUG] MA 신호: HOLD | MA5=47067, MA20=47276, MA60=47336 — 관망 | 점수=0.50
[2026-05-25 03:09:30] [RSI_MACD_Strategy] [DEBUG] RSI/MACD 신호: HOLD | RSI=48.5, MACD=-134.08 — 관망
[2026-05-25 03:09:30] [MA_Strategy] [DEBUG] MA 신호: BUY | 골든크로스 발생 (MA5=47489 > MA20=47356) | 점수=0.70
[2026-05-25 03:09:30] [RSI_MACD_Strategy] [DEBUG] RSI/MACD 신호: HOLD | RSI=55.1, MACD=-44.81 — 관망
[2026-05-25 03:09:30] [MA_Strategy] [DEBUG] MA 신호: HOLD | MA5=47873, MA20=47392, MA60=47495 — 관망 | 점수=0.50
[2026-05-25 03:09:30] [RSI_MACD_Strategy] [DEBUG] RSI/MACD 신호: HOLD | RSI=56.2, MACD=41.12 — 관망
[2026-05-25 03:09:30] [MA_Strategy] [DEBUG] MA 신호: HOLD | MA5=48072, MA20=47452, MA60=47575 — 관망 | 점수=0.60
[2026-05-25 03:09:30] [RSI_MACD_Strategy] [DEBUG] RSI/MACD 신호: HOLD | RSI=58.5, MACD=141.71 — 관망
[2026-05-25 03:09:30] [MA_Strategy] [DEBUG] MA 신호: HOLD | MA5=48365, MA20=47513, MA60=47652 — 관망 | 점수=0.50
[2026-05-25 03:09:30] [RSI_MACD_Strategy] [DEBUG] RSI/MACD 신호: HOLD | RSI=60.9, MACD=254.65 — 관망
[2026-05-25 03:09:30] [MA_Strategy] [DEBUG] MA 신호: HOLD | MA5=48782, MA20=47606, MA60=47722 — 관망 | 점수=0.50
[2026-05-25 03:09:30] [RSI_MACD_Strategy] [DEBUG] RSI/MACD 신호: HOLD | RSI=60.4, MACD=335.29 — 관망
[2026-05-25 03:09:30] [MA_Strategy] [DEBUG] MA 신호: HOLD | MA5=48849, MA20=47678, MA60=47750 — 관망 | 점수=0.30
[2026-05-25 03:09:30] [RSI_MACD_Strategy] [DEBUG] RSI/MACD 신호: HOLD | RSI=55.0, MACD=341.59 — 관망
[2026-05-25 03:09:30] [MA_Strategy] [DEBUG] MA 신호: HOLD | MA5=48676, MA20=47693, MA60=47763 — 관망 | 점수=0.30
[2026-05-25 03:09:30] [RSI_MACD_Strategy] [DEBUG] RSI/MACD 신호: HOLD | RSI=48.0, MACD=262.07 — 관망
[2026-05-25 03:09:30] [MA_Strategy] [DEBUG] MA 신호: HOLD | MA5=48426, MA20=47685, MA60=47789 — 관망 | 점수=0.30
[2026-05-25 03:09:30] [RSI_MACD_Strategy] [DEBUG] RSI/MACD 신호: HOLD | RSI=48.2, MACD=199.65 — 관망
[2026-05-25 03:09:30] [MA_Strategy] [DEBUG] MA 신호: HOLD | MA5=48283, MA20=47688, MA60=47823 — 관망 | 점수=0.50
[2026-05-25 03:09:30] [RSI_MACD_Strategy] [DEBUG] RSI/MACD 신호: HOLD | RSI=54.7, MACD=227.13 — 관망
[2026-05-25 03:09:30] [MA_Strategy] [DEBUG] MA 신호: HOLD | MA5=48132, MA20=47712, MA60=47879 — 관망 | 점수=0.60
[2026-05-25 03:09:30] [RSI_MACD_Strategy] [DEBUG] RSI/MACD 신호: HOLD | RSI=54.0, MACD=238.09 — 관망
[2026-05-25 03:09:30] [MA_Strategy] [DEBUG] MA 신호: HOLD | MA5=48232, MA20=47808, MA60=47944 — 관망 | 점수=0.50
[2026-05-25 03:09:30] [RSI_MACD_Strategy] [DEBUG] RSI/MACD 신호: HOLD | RSI=57.6, MACD=290.79 — 관망
[2026-05-25 03:09:30] [MA_Strategy] [DEBUG] MA 신호: HOLD | MA5=48459, MA20=47905, MA60=47994 — 관망 | 점수=0.50
[2026-05-25 03:09:30] [RSI_MACD_Strategy] [DEBUG] RSI/MACD 신호: HOLD | RSI=54.7, MACD=299.18 — 관망
[2026-05-25 03:09:30] [MA_Strategy] [DEBUG] MA 신호: HOLD | MA5=48948, MA20=48085, MA60=48052 — 관망 | 점수=0.70
[2026-05-25 03:09:30] [RSI_MACD_Strategy] [DEBUG] RSI/MACD 신호: HOLD | RSI=62.2, MACD=409.31 — 관망
[2026-05-25 03:09:30] [MA_Strategy] [DEBUG] MA 신호: HOLD | MA5=49242, MA20=48225, MA60=48105 — 관망 | 점수=0.70
[2026-05-25 03:09:30] [RSI_MACD_Strategy] [DEBUG] RSI/MACD 신호: HOLD | RSI=62.3, MACD=491.96 — 관망
[2026-05-25 03:09:30] [MA_Strategy] [DEBUG] MA 신호: HOLD | MA5=49612, MA20=48398, MA60=48161 — 관망 | 점수=0.70
[2026-05-25 03:09:30] [RSI_MACD_Strategy] [DEBUG] RSI/MACD 신호: HOLD | RSI=63.7, MACD=573.61 — 관망
[2026-05-25 03:09:30] [MA_Strategy] [DEBUG] MA 신호: HOLD | MA5=50018, MA20=48647, MA60=48230 — 관망 | 점수=0.70
[2026-05-25 03:09:30] [RSI_MACD_Strategy] [DEBUG] RSI/MACD 신호: HOLD | RSI=67.4, MACD=691.99 — 관망
[2026-05-25 03:09:30] [MA_Strategy] [DEBUG] MA 신호: HOLD | MA5=50506, MA20=48879, MA60=48295 — 관망 | 점수=0.70
[2026-05-25 03:09:30] [RSI_MACD_Strategy] [DEBUG] RSI/MACD 신호: HOLD | RSI=67.6, MACD=779.81 — 관망
[2026-05-25 03:09:30] [MA_Strategy] [DEBUG] MA 신호: HOLD | MA5=50783, MA20=49057, MA60=48365 — 관망 | 점수=0.70
[2026-05-25 03:09:30] [RSI_MACD_Strategy] [DEBUG] RSI/MACD 신호: HOLD | RSI=69.0, MACD=863.09 — 관망
[2026-05-25 03:09:30] [MA_Strategy] [DEBUG] MA 신호: HOLD | MA5=51017, MA20=49227, MA60=48428 — 관망 | 점수=0.70
[2026-05-25 03:09:30] [RSI_MACD_Strategy] [DEBUG] RSI/MACD 신호: HOLD | RSI=66.8, MACD=902.00 — 관망
[2026-05-25 03:09:30] [MA_Strategy] [DEBUG] MA 신호: HOLD | MA5=51244, MA20=49442, MA60=48490 — 관망 | 점수=0.80
[2026-05-25 03:09:30] [RSI_MACD_Strategy] [DEBUG] RSI/MACD 신호: HOLD | RSI=68.1, MACD=941.82 — 관망
[2026-05-25 03:09:30] [MA_Strategy] [DEBUG] MA 신호: HOLD | MA5=51336, MA20=49609, MA60=48540 — 관망 | 점수=0.70
[2026-05-25 03:09:30] [RSI_MACD_Strategy] [DEBUG] RSI/MACD 신호: HOLD | RSI=68.6, MACD=969.47 — 관망
[2026-05-25 03:09:30] [MA_Strategy] [DEBUG] MA 신호: HOLD | MA5=51358, MA20=49750, MA60=48589 — 관망 | 점수=0.50
[2026-05-25 03:09:30] [RSI_MACD_Strategy] [DEBUG] RSI/MACD 신호: HOLD | RSI=64.9, MACD=955.27 — 관망
[2026-05-25 03:09:30] [MA_Strategy] [DEBUG] MA 신호: HOLD | MA5=51227, MA20=49846, MA60=48613 — 관망 | 점수=0.50
[2026-05-25 03:09:30] [RSI_MACD_Strategy] [DEBUG] RSI/MACD 신호: HOLD | RSI=59.7, MACD=895.53 — 관망
[2026-05-25 03:09:30] [MA_Strategy] [DEBUG] MA 신호: HOLD | MA5=50934, MA20=49869, MA60=48604 — 관망 | 점수=0.50
[2026-05-25 03:09:30] [RSI_MACD_Strategy] [DEBUG] RSI/MACD 신호: HOLD | RSI=50.3, MACD=757.40 — 관망
[2026-05-25 03:09:30] [MA_Strategy] [DEBUG] MA 신호: HOLD | MA5=50634, MA20=49906, MA60=48602 — 관망 | 점수=0.50
[2026-05-25 03:09:30] [RSI_MACD_Strategy] [DEBUG] RSI/MACD 신호: HOLD | RSI=52.0, MACD=657.53 — 관망
[2026-05-25 03:09:30] [MA_Strategy] [DEBUG] MA 신호: HOLD | MA5=50672, MA20=50064, MA60=48644 — 관망 | 점수=0.80
[2026-05-25 03:09:30] [RSI_MACD_Strategy] [DEBUG] RSI/MACD 신호: HOLD | RSI=63.3, MACD=713.39 — 관망
[2026-05-25 03:09:30] [MA_Strategy] [DEBUG] MA 신호: HOLD | MA5=50774, MA20=50274, MA60=48680 — 관망 | 점수=0.80
[2026-05-25 03:09:30] [RSI_MACD_Strategy] [DEBUG] RSI/MACD 신호: HOLD | RSI=63.4, MACD=750.14 — 관망
[2026-05-25 03:09:30] [MA_Strategy] [DEBUG] MA 신호: HOLD | MA5=51141, MA20=50525, MA60=48702 — 관망 | 점수=0.70
[2026-05-25 03:09:30] [RSI_MACD_Strategy] [DEBUG] RSI/MACD 신호: BUY | RSI=67.6 + MACD 골든크로스
[2026-05-25 03:09:30] [MA_Strategy] [DEBUG] MA 신호: HOLD | MA5=51904, MA20=50774, MA60=48755 — 관망 | 점수=0.70
[2026-05-25 03:09:30] [RSI_MACD_Strategy] [DEBUG] RSI/MACD 신호: HOLD | RSI=71.6, MACD=974.56 — 관망
[2026-05-25 03:09:30] [MA_Strategy] [DEBUG] MA 신호: HOLD | MA5=52859, MA20=51087, MA60=48859 — 관망 | 점수=0.70
[2026-05-25 03:09:30] [RSI_MACD_Strategy] [DEBUG] RSI/MACD 신호: HOLD | RSI=75.5, MACD=1163.43 — 관망
[2026-05-25 03:09:30] [MA_Strategy] [DEBUG] MA 신호: HOLD | MA5=53916, MA20=51485, MA60=48991 — 관망 | 점수=0.70
[2026-05-25 03:09:30] [RSI_MACD_Strategy] [DEBUG] RSI/MACD 신호: HOLD | RSI=81.1, MACD=1481.07 — 관망
[2026-05-25 03:09:30] [MA_Strategy] [DEBUG] MA 신호: HOLD | MA5=55019, MA20=51914, MA60=49144 — 관망 | 점수=0.70
[2026-05-25 03:09:30] [RSI_MACD_Strategy] [DEBUG] RSI/MACD 신호: HOLD | RSI=81.5, MACD=1731.88 — 관망
[2026-05-25 03:09:30] [MA_Strategy] [DEBUG] MA 신호: HOLD | MA5=55868, MA20=52255, MA60=49303 — 관망 | 점수=0.70
[2026-05-25 03:09:30] [RSI_MACD_Strategy] [DEBUG] RSI/MACD 신호: HOLD | RSI=77.9, MACD=1875.85 — 관망
[2026-05-25 03:09:30] [MA_Strategy] [DEBUG] MA 신호: HOLD | MA5=56776, MA20=52658, MA60=49470 — 관망 | 점수=0.70
[2026-05-25 03:09:30] [RSI_MACD_Strategy] [DEBUG] RSI/MACD 신호: HOLD | RSI=80.7, MACD=2067.24 — 관망
[2026-05-25 03:09:30] [MA_Strategy] [DEBUG] MA 신호: HOLD | MA5=57530, MA20=53067, MA60=49646 — 관망 | 점수=0.70
[2026-05-25 03:09:30] [RSI_MACD_Strategy] [DEBUG] RSI/MACD 신호: HOLD | RSI=81.5, MACD=2225.53 — 관망
[2026-05-25 03:09:30] [MA_Strategy] [DEBUG] MA 신호: HOLD | MA5=57529, MA20=53363, MA60=49792 — 관망 | 점수=0.60
[2026-05-25 03:09:30] [RSI_MACD_Strategy] [DEBUG] RSI/MACD 신호: HOLD | RSI=69.9, MACD=2205.88 — 관망
[2026-05-25 03:09:30] [MA_Strategy] [DEBUG] MA 신호: HOLD | MA5=57596, MA20=53686, MA60=49954 — 관망 | 점수=0.50
[2026-05-25 03:09:30] [RSI_MACD_Strategy] [DEBUG] RSI/MACD 신호: HOLD | RSI=71.6, MACD=2210.98 — 관망
[2026-05-25 03:09:30] [MA_Strategy] [DEBUG] MA 신호: HOLD | MA5=57796, MA20=54008, MA60=50120 — 관망 | 점수=0.70
[2026-05-25 03:09:30] [RSI_MACD_Strategy] [DEBUG] RSI/MACD 신호: HOLD | RSI=72.4, MACD=2210.44 — 관망
[2026-05-25 03:09:30] [MA_Strategy] [DEBUG] MA 신호: HOLD | MA5=57653, MA20=54317, MA60=50283 — 관망 | 점수=0.50
[2026-05-25 03:09:30] [RSI_MACD_Strategy] [DEBUG] RSI/MACD 신호: HOLD | RSI=68.9, MACD=2148.05 — 관망
[2026-05-25 03:09:30] [MA_Strategy] [DEBUG] MA 신호: HOLD | MA5=57604, MA20=54657, MA60=50459 — 관망 | 점수=0.80
[2026-05-25 03:09:30] [RSI_MACD_Strategy] [DEBUG] RSI/MACD 신호: HOLD | RSI=71.6, MACD=2143.94 — 관망
[2026-05-25 03:09:30] [MA_Strategy] [DEBUG] MA 신호: HOLD | MA5=58240, MA20=55089, MA60=50685 — 관망 | 점수=0.70
[2026-05-25 03:09:30] [RSI_MACD_Strategy] [DEBUG] RSI/MACD 신호: HOLD | RSI=76.7, MACD=2271.04 — 관망
[2026-05-25 03:09:30] [MA_Strategy] [DEBUG] MA 신호: HOLD | MA5=58686, MA20=55519, MA60=50887 — 관망 | 점수=0.70
[2026-05-25 03:09:30] [RSI_MACD_Strategy] [DEBUG] RSI/MACD 신호: HOLD | RSI=73.9, MACD=2314.82 — 관망
[2026-05-25 03:09:30] [MA_Strategy] [DEBUG] MA 신호: HOLD | MA5=59175, MA20=55995, MA60=51098 — 관망 | 점수=0.70
[2026-05-25 03:09:30] [RSI_MACD_Strategy] [DEBUG] RSI/MACD 신호: HOLD | RSI=75.1, MACD=2360.40 — 관망
[2026-05-25 03:09:30] [MA_Strategy] [DEBUG] MA 신호: HOLD | MA5=59917, MA20=56563, MA60=51315 — 관망 | 점수=0.80
[2026-05-25 03:09:30] [RSI_MACD_Strategy] [DEBUG] RSI/MACD 신호: HOLD | RSI=77.1, MACD=2433.42 — 관망
[2026-05-25 03:09:30] [MA_Strategy] [DEBUG] MA 신호: HOLD | MA5=60558, MA20=57138, MA60=51550 — 관망 | 점수=0.70
[2026-05-25 03:09:30] [RSI_MACD_Strategy] [DEBUG] RSI/MACD 신호: HOLD | RSI=77.9, MACD=2491.78 — 관망
[2026-05-25 03:09:30] [MA_Strategy] [DEBUG] MA 신호: HOLD | MA5=60930, MA20=57654, MA60=51799 — 관망 | 점수=0.70
[2026-05-25 03:09:30] [RSI_MACD_Strategy] [DEBUG] RSI/MACD 신호: HOLD | RSI=79.2, MACD=2556.97 — 관망
[2026-05-25 03:09:30] [MA_Strategy] [DEBUG] MA 신호: HOLD | MA5=61662, MA20=58241, MA60=52069 — 관망 | 점수=0.80
[2026-05-25 03:09:30] [RSI_MACD_Strategy] [DEBUG] RSI/MACD 신호: HOLD | RSI=82.0, MACD=2692.11 — 관망
[2026-05-25 03:09:30] [MA_Strategy] [DEBUG] MA 신호: HOLD | MA5=62268, MA20=58777, MA60=52329 — 관망 | 점수=0.70
[2026-05-25 03:09:30] [RSI_MACD_Strategy] [DEBUG] RSI/MACD 신호: HOLD | RSI=80.7, MACD=2754.86 — 관망
[2026-05-25 03:09:30] [MA_Strategy] [DEBUG] MA 신호: HOLD | MA5=62997, MA20=59336, MA60=52599 — 관망 | 점수=0.70
[2026-05-25 03:09:30] [RSI_MACD_Strategy] [DEBUG] RSI/MACD 신호: HOLD | RSI=83.3, MACD=2885.82 — 관망
[2026-05-25 03:09:30] [MA_Strategy] [DEBUG] MA 신호: HOLD | MA5=63757, MA20=59862, MA60=52887 — 관망 | 점수=0.70
[2026-05-25 03:09:30] [RSI_MACD_Strategy] [DEBUG] RSI/MACD 신호: HOLD | RSI=84.1, MACD=2997.02 — 관망
[2026-05-25 03:09:30] [MA_Strategy] [DEBUG] MA 신호: HOLD | MA5=64313, MA20=60253, MA60=53182 — 관망 | 점수=0.70
[2026-05-25 03:09:30] [RSI_MACD_Strategy] [DEBUG] RSI/MACD 신호: HOLD | RSI=80.6, MACD=3016.33 — 관망
[2026-05-25 03:09:30] [MA_Strategy] [DEBUG] MA 신호: HOLD | MA5=64741, MA20=60671, MA60=53497 — 관망 | 점수=0.70
[2026-05-25 03:09:30] [RSI_MACD_Strategy] [DEBUG] RSI/MACD 신호: HOLD | RSI=82.1, MACD=3059.14 — 관망
[2026-05-25 03:09:30] [MA_Strategy] [DEBUG] MA 신호: HOLD | MA5=65015, MA20=61064, MA60=53801 — 관망 | 점수=0.50
[2026-05-25 03:09:30] [RSI_MACD_Strategy] [DEBUG] RSI/MACD 신호: HOLD | RSI=74.8, MACD=2984.20 — 관망
[2026-05-25 03:09:30] [MA_Strategy] [DEBUG] MA 신호: HOLD | MA5=64840, MA20=61352, MA60=54078 — 관망 | 점수=0.50
[2026-05-25 03:09:30] [RSI_MACD_Strategy] [DEBUG] RSI/MACD 신호: HOLD | RSI=68.9, MACD=2825.34 — 관망
[2026-05-25 03:09:30] [MA_Strategy] [DEBUG] MA 신호: HOLD | MA5=64484, MA20=61601, MA60=54355 — 관망 | 점수=0.50
[2026-05-25 03:09:30] [RSI_MACD_Strategy] [DEBUG] RSI/MACD 신호: SELL | RSI=66.2 + MACD 데드크로스
[2026-05-25 03:09:30] [MA_Strategy] [DEBUG] MA 신호: HOLD | MA5=64240, MA20=61931, MA60=54647 — 관망 | 점수=0.60
[2026-05-25 03:09:30] [RSI_MACD_Strategy] [DEBUG] RSI/MACD 신호: HOLD | RSI=66.7, MACD=2472.19 — 관망
[2026-05-25 03:09:30] [MA_Strategy] [DEBUG] MA 신호: HOLD | MA5=63933, MA20=62255, MA60=54940 — 관망 | 점수=0.70
[2026-05-25 03:09:30] [RSI_MACD_Strategy] [DEBUG] RSI/MACD 신호: HOLD | RSI=68.4, MACD=2350.99 — 관망
[2026-05-25 03:09:30] [MA_Strategy] [DEBUG] MA 신호: HOLD | MA5=63884, MA20=62586, MA60=55217 — 관망 | 점수=0.70
[2026-05-25 03:09:30] [RSI_MACD_Strategy] [DEBUG] RSI/MACD 신호: HOLD | RSI=69.7, MACD=2258.68 — 관망
[2026-05-25 03:09:30] [MA_Strategy] [DEBUG] MA 신호: HOLD | MA5=64028, MA20=62945, MA60=55496 — 관망 | 점수=0.70
[2026-05-25 03:09:30] [RSI_MACD_Strategy] [DEBUG] RSI/MACD 신호: HOLD | RSI=70.2, MACD=2171.22 — 관망
[2026-05-25 03:09:30] [MA_Strategy] [DEBUG] MA 신호: HOLD | MA5=64386, MA20=63296, MA60=55798 — 관망 | 점수=0.70
[2026-05-25 03:09:30] [RSI_MACD_Strategy] [DEBUG] RSI/MACD 신호: HOLD | RSI=72.6, MACD=2132.85 — 관망
[2026-05-25 03:09:30] [MA_Strategy] [DEBUG] MA 신호: HOLD | MA5=64939, MA20=63606, MA60=56101 — 관망 | 점수=0.70
[2026-05-25 03:09:30] [RSI_MACD_Strategy] [DEBUG] RSI/MACD 신호: HOLD | RSI=75.9, MACD=2167.18 — 관망
[2026-05-25 03:09:30] [MA_Strategy] [DEBUG] MA 신호: HOLD | MA5=65414, MA20=63938, MA60=56402 — 관망 | 점수=0.80
[2026-05-25 03:09:30] [RSI_MACD_Strategy] [DEBUG] RSI/MACD 신호: HOLD | RSI=76.1, MACD=2175.52 — 관망
[2026-05-25 03:09:30] [MA_Strategy] [DEBUG] MA 신호: HOLD | MA5=65918, MA20=64271, MA60=56704 — 관망 | 점수=0.70
[2026-05-25 03:09:30] [RSI_MACD_Strategy] [DEBUG] RSI/MACD 신호: HOLD | RSI=77.6, MACD=2197.79 — 관망
[2026-05-25 03:09:30] [MA_Strategy] [DEBUG] MA 신호: HOLD | MA5=66139, MA20=64501, MA60=56978 — 관망 | 점수=0.50
[2026-05-25 03:09:30] [RSI_MACD_Strategy] [DEBUG] RSI/MACD 신호: HOLD | RSI=66.7, MACD=2088.24 — 관망
[2026-05-25 03:09:30] [MA_Strategy] [DEBUG] MA 신호: HOLD | MA5=66174, MA20=64700, MA60=57248 — 관망 | 점수=0.60
[2026-05-25 03:09:30] [RSI_MACD_Strategy] [DEBUG] RSI/MACD 신호: HOLD | RSI=64.8, MACD=1958.83 — 관망
[2026-05-25 03:09:30] [MA_Strategy] [DEBUG] MA 신호: HOLD | MA5=66120, MA20=64903, MA60=57540 — 관망 | 점수=0.60
[2026-05-25 03:09:30] [RSI_MACD_Strategy] [DEBUG] RSI/MACD 신호: HOLD | RSI=67.5, MACD=1888.89 — 관망
[2026-05-25 03:09:30] [MA_Strategy] [DEBUG] MA 신호: HOLD | MA5=65840, MA20=64982, MA60=57832 — 관망 | 점수=0.50
[2026-05-25 03:09:30] [RSI_MACD_Strategy] [DEBUG] RSI/MACD 신호: HOLD | RSI=59.7, MACD=1728.24 — 관망
[2026-05-25 03:09:30] [MA_Strategy] [DEBUG] MA 신호: SELL | MA20 2% 이탈 (현재가 63324 / MA20 64983) | 점수=0.20
[2026-05-25 03:09:30] [RSI_MACD_Strategy] [DEBUG] RSI/MACD 신호: HOLD | RSI=49.7, MACD=1445.48 — 관망
[2026-05-25 03:09:30] [MA_Strategy] [DEBUG] MA 신호: SELL | 데드크로스 발생 | 점수=0.60
[2026-05-25 03:09:30] [RSI_MACD_Strategy] [DEBUG] RSI/MACD 신호: HOLD | RSI=51.4, MACD=1234.51 — 관망
[2026-05-25 03:09:30] [MA_Strategy] [DEBUG] MA 신호: SELL | MA20 2% 이탈 (현재가 61682 / MA20 64752) | 점수=0.50
[2026-05-25 03:09:30] [RSI_MACD_Strategy] [DEBUG] RSI/MACD 신호: HOLD | RSI=42.2, MACD=897.12 — 관망
[2026-05-25 03:09:30] [MA_Strategy] [DEBUG] MA 신호: SELL | MA20 2% 이탈 (현재가 60641 / MA20 64542) | 점수=0.50
[2026-05-25 03:09:30] [RSI_MACD_Strategy] [DEBUG] RSI/MACD 신호: HOLD | RSI=38.4, MACD=539.52 — 관망
[2026-05-25 03:09:30] [MA_Strategy] [DEBUG] MA 신호: SELL | MA20 2% 이탈 (현재가 60487 / MA20 64287) | 점수=0.50
[2026-05-25 03:09:30] [RSI_MACD_Strategy] [DEBUG] RSI/MACD 신호: HOLD | RSI=37.8, MACD=240.92 — 관망
[2026-05-25 03:09:30] [MA_Strategy] [DEBUG] MA 신호: SELL | MA20 2% 이탈 (현재가 61271 / MA20 64116) | 점수=0.50
[2026-05-25 03:09:30] [RSI_MACD_Strategy] [DEBUG] RSI/MACD 신호: HOLD | RSI=42.4, MACD=66.76 — 관망
[2026-05-25 03:09:30] [MA_Strategy] [DEBUG] MA 신호: HOLD | MA5=61392, MA20=64068, MA60=59359 — 관망 | 점수=0.40
[2026-05-25 03:09:30] [RSI_MACD_Strategy] [DEBUG] RSI/MACD 신호: HOLD | RSI=50.4, MACD=57.91 — 관망
[2026-05-25 03:09:30] [MA_Strategy] [DEBUG] MA 신호: HOLD | MA5=61819, MA20=64085, MA60=59584 — 관망 | 점수=0.40
[2026-05-25 03:09:30] [RSI_MACD_Strategy] [DEBUG] RSI/MACD 신호: HOLD | RSI=54.4, MACD=125.06 — 관망
[2026-05-25 03:09:30] [MA_Strategy] [DEBUG] MA 신호: HOLD | MA5=62630, MA20=64140, MA60=59811 — 관망 | 점수=0.40
[2026-05-25 03:09:30] [RSI_MACD_Strategy] [DEBUG] RSI/MACD 신호: HOLD | RSI=57.8, MACD=246.21 — 관망
[2026-05-25 03:50:00] [IndicatorValidator] [DEBUG] 지표검증 BUY=3 SELL=1 | 매수지표: MA, BB, OBV | 매도지표: RSI
[2026-05-25 03:50:19] [PyramidStrategy] [INFO] 💰 복리풀 잔액: 0원
[2026-05-25 03:50:19] [PyramidStrategy] [INFO] 📥 피라미딩 1단계 삼성전자 5주 @50,000원 (복리풀사용=200,000원)
[2026-05-25 03:57:48] [PyramidStrategy] [INFO] 💰 복리풀 잔액: 0원
[2026-05-25 03:58:17] [PyramidStrategy] [INFO] 💰 복리풀 잔액: 0원
[2026-05-25 03:58:35] [KIS_API] [ERROR] 잔고 조회 실패: 403 Client Error: Forbidden for url: https://openapivts.koreainvestment.com:29443/oauth2/tokenP
[2026-05-25 03:58:36] [KIS_API] [ERROR] OHLCV 조회 실패 005930: 403 Client Error: Forbidden for url: https://openapivts.koreainvestment.com:29443/oauth2/tokenP
[2026-05-25 03:58:36] [KIS_API] [ERROR] 잔고 조회 실패: 403 Client Error: Forbidden for url: https://openapivts.koreainvestment.com:29443/oauth2/tokenP
[2026-05-25 04:22:01] [ScreenerDB] [INFO] DB 초기화 완료: /home/user/webapp/stock_trader/screener/../data/screener.db
[2026-05-25 04:22:01] [DailyScreener] [INFO] ============================================================
[2026-05-25 04:22:01] [DailyScreener] [INFO]   📊 일일 종목 스크리닝 시작: 2026-05-25
[2026-05-25 04:22:01] [DailyScreener] [INFO] ============================================================
[2026-05-25 04:22:01] [DailyScreener] [INFO] STEP 1: 시장 지수 수집 중...
[2026-05-25 04:22:01] [DailyScreener] [INFO]   코스피 2,763pt (-6.6%) | 코스닥 943pt (-6.6%)
[2026-05-25 04:22:01] [DailyScreener] [INFO] STEP 2: 전체 종목 목록 수집 중...
[2026-05-25 04:22:01] [DailyScreener] [INFO]   총 30개 종목 수집
[2026-05-25 04:22:01] [DailyScreener] [INFO] STEP 3: 기본 제외 필터 적용 중...
[2026-05-25 04:22:01] [StockFilter] [DEBUG]   ✗ 삼성전자(005930) — 시총미달(255억)
[2026-05-25 04:22:01] [StockFilter] [DEBUG]   ✗ SK하이닉스(000660) — 시총미달(57억)
[2026-05-25 04:22:01] [StockFilter] [DEBUG]   ✗ NAVER(035420) — 시총미달(13억)
[2026-05-25 04:22:01] [StockFilter] [DEBUG]   ✗ 카카오(035720) — 시총미달(98억)
[2026-05-25 04:22:01] [StockFilter] [DEBUG]   ✗ LG화학(051910) — 시총미달(242억)
[2026-05-25 04:22:01] [StockFilter] [DEBUG]   ✗ 삼성SDI(006400) — 시총미달(237억)
[2026-05-25 04:22:01] [StockFilter] [DEBUG]   ✗ 셀트리온(068270) — 시총미달(108억)
[2026-05-25 04:22:01] [StockFilter] [DEBUG]   ✗ 삼성생명(032830) — 시총미달(86억)
[2026-05-25 04:22:01] [StockFilter] [DEBUG]   ✗ SK텔레콤(017670) — 시총미달(229억)
[2026-05-25 04:22:01] [StockFilter] [DEBUG]   ✗ KT(030200) — 시총미달(164억)
[2026-05-25 04:22:01] [StockFilter] [DEBUG]   ✗ 셀트리온헬스케어(091990) — 시총미달(236억)
[2026-05-25 04:22:01] [StockFilter] [DEBUG]   ✗ 펄어비스(263750) — 시총미달(223억)
[2026-05-25 04:22:01] [StockFilter] [DEBUG]   ✗ 카카오게임즈(293490) — 시총미달(208억)
[2026-05-25 04:22:01] [StockFilter] [DEBUG]   ✗ 에스엠(041510) — 시총미달(282억)
[2026-05-25 04:22:01] [StockFilter] [DEBUG]   ✗ 와이지엔터(122870) — 시총미달(196억)
[2026-05-25 04:22:01] [StockFilter] [DEBUG]   ✗ 한진칼(180640) — 시총미달(261억)
[2026-05-25 04:22:01] [StockFilter] [INFO] 필터링 결과: 통과 14개 / 제외 16개 (전체 30개)
[2026-05-25 04:22:01] [DailyScreener] [INFO]   통과: 14개 / 제외: 16개
[2026-05-25 04:22:01] [DailyScreener] [INFO] STEP 4: AI 점수화 시작 (14개)...
[2026-05-25 04:22:01] [AIScorer] [DEBUG] LG에너지솔루션 | 기본=45 감점=-5 보너스=+0 총점=40 [EXCLUDE] RS=+7.3%
[2026-05-25 04:22:01] [AIScorer] [DEBUG] 삼성바이오로직스 | 기본=48 감점=-5 보너스=+5 총점=48 [EXCLUDE] RS=+0.3%
[2026-05-25 04:22:01] [AIScorer] [DEBUG] KB금융 | 기본=38 감점=-5 보너스=+10 총점=43 [EXCLUDE] RS=-1.2%
[2026-05-25 04:22:01] [AIScorer] [DEBUG] 신한지주 | 기본=27 감점=-5 보너스=+5 총점=27 [EXCLUDE] RS=-3.3%
[2026-05-25 04:22:01] [AIScorer] [DEBUG] SK이노베이션 | 기본=31.5 감점=-5 보너스=+5 총점=31.5 [EXCLUDE] RS=+5.4%
[2026-05-25 04:22:01] [AIScorer] [DEBUG] LG | 기본=40 감점=-5 보너스=+5 총점=40 [EXCLUDE] RS=+1.1%
[2026-05-25 04:22:01] [AIScorer] [DEBUG] 현대모비스 | 기본=41 감점=-5 보너스=+5 총점=41 [EXCLUDE] RS=-3.9%
[2026-05-25 04:22:01] [AIScorer] [DEBUG] 현대차 | 기본=37.0 감점=-5 보너스=+10 총점=42.0 [EXCLUDE] RS=+4.2%
[2026-05-25 04:22:01] [AIScorer] [DEBUG] 기아 | 기본=36.5 감점=-5 보너스=+10 총점=41.5 [EXCLUDE] RS=+16.7%
[2026-05-25 04:22:01] [AIScorer] [DEBUG] 삼성물산 | 기본=45 감점=-5 보너스=+10 총점=50 [EXCLUDE] RS=+18.9%
[2026-05-25 04:22:01] [AIScorer] [DEBUG] 에코프로비엠 | 기본=28 감점=-5 보너스=+5 총점=28 [EXCLUDE] RS=-3.5%
[2026-05-25 04:22:01] [AIScorer] [DEBUG] 에코프로 | 기본=16.5 감점=-5 보너스=+5 총점=16.5 [EXCLUDE] RS=-0.3%
[2026-05-25 04:22:01] [AIScorer] [DEBUG] 위메이드 | 기본=31 감점=-5 보너스=+10 총점=36 [EXCLUDE] RS=+12.5%
[2026-05-25 04:22:01] [AIScorer] [DEBUG] 하이브 | 기본=54.3 감점=-5 보너스=+10 총점=59.3 [EXCLUDE] RS=+2.4%
[2026-05-25 04:22:01] [DailyScreener] [INFO] STEP 5: 등급 분류 중...
[2026-05-25 04:22:01] [DailyScreener] [INFO] ============================================================
[2026-05-25 04:22:01] [DailyScreener] [INFO]   ✅ 스크리닝 완료! (0.1초)
[2026-05-25 04:22:01] [DailyScreener] [INFO]   분석: 14개 | 제외: 16개
[2026-05-25 04:22:01] [DailyScreener] [INFO]   BUY_CANDIDATE: 0개
[2026-05-25 04:22:01] [DailyScreener] [INFO]   WATCH_HIGH:    0개
[2026-05-25 04:22:01] [DailyScreener] [INFO]   매수 후보 Top10:
[2026-05-25 04:22:01] [DailyScreener] [INFO] ============================================================
[2026-05-25 04:22:40] [ScreenerDB] [INFO] DB 초기화 완료: /home/user/webapp/stock_trader/screener/../data/screener.db
[2026-05-25 04:22:40] [DailyScreener] [INFO] ============================================================
[2026-05-25 04:22:40] [DailyScreener] [INFO]   📊 일일 종목 스크리닝 시작: 2026-05-25
[2026-05-25 04:22:40] [DailyScreener] [INFO] ============================================================
[2026-05-25 04:22:40] [DailyScreener] [INFO] STEP 1: 시장 지수 수집 중...
[2026-05-25 04:22:40] [DailyScreener] [INFO]   코스피 2,763pt (-6.6%) | 코스닥 943pt (-6.6%)
[2026-05-25 04:22:40] [DailyScreener] [INFO] STEP 2: 전체 종목 목록 수집 중...
[2026-05-25 04:22:40] [DailyScreener] [INFO]   총 30개 종목 수집
[2026-05-25 04:22:40] [DailyScreener] [INFO] STEP 3: 기본 제외 필터 적용 중...
[2026-05-25 04:22:40] [StockFilter] [DEBUG]   ✗ 삼성전자(005930) — 시총미달(255억)
[2026-05-25 04:22:40] [StockFilter] [DEBUG]   ✗ SK하이닉스(000660) — 시총미달(57억)
[2026-05-25 04:22:40] [StockFilter] [DEBUG]   ✗ NAVER(035420) — 시총미달(13억)
[2026-05-25 04:22:40] [StockFilter] [DEBUG]   ✗ 카카오(035720) — 시총미달(98억)
[2026-05-25 04:22:40] [StockFilter] [DEBUG]   ✗ LG화학(051910) — 시총미달(242억)
[2026-05-25 04:22:40] [StockFilter] [DEBUG]   ✗ 삼성SDI(006400) — 시총미달(237억)
[2026-05-25 04:22:40] [StockFilter] [DEBUG]   ✗ 셀트리온(068270) — 시총미달(108억)
[2026-05-25 04:22:40] [StockFilter] [DEBUG]   ✗ 삼성생명(032830) — 시총미달(86억)
[2026-05-25 04:22:40] [StockFilter] [DEBUG]   ✗ SK텔레콤(017670) — 시총미달(229억)
[2026-05-25 04:22:40] [StockFilter] [DEBUG]   ✗ KT(030200) — 시총미달(164억)
[2026-05-25 04:22:40] [StockFilter] [DEBUG]   ✗ 셀트리온헬스케어(091990) — 시총미달(236억)
[2026-05-25 04:22:40] [StockFilter] [DEBUG]   ✗ 펄어비스(263750) — 시총미달(223억)
[2026-05-25 04:22:40] [StockFilter] [DEBUG]   ✗ 카카오게임즈(293490) — 시총미달(208억)
[2026-05-25 04:22:40] [StockFilter] [DEBUG]   ✗ 에스엠(041510) — 시총미달(282억)
[2026-05-25 04:22:40] [StockFilter] [DEBUG]   ✗ 와이지엔터(122870) — 시총미달(196억)
[2026-05-25 04:22:40] [StockFilter] [DEBUG]   ✗ 한진칼(180640) — 시총미달(261억)
[2026-05-25 04:22:40] [StockFilter] [INFO] 필터링 결과: 통과 14개 / 제외 16개 (전체 30개)
[2026-05-25 04:22:40] [DailyScreener] [INFO]   통과: 14개 / 제외: 16개
[2026-05-25 04:22:40] [DailyScreener] [INFO] STEP 4: AI 점수화 시작 (14개)...
[2026-05-25 04:22:40] [AIScorer] [DEBUG] LG에너지솔루션 | 기본=39 감점=-5 보너스=+10 총점=44 [EXCLUDE] RS=-3.9%
[2026-05-25 04:22:40] [AIScorer] [DEBUG] 삼성바이오로직스 | 기본=35.8 감점=-5 보너스=+5 총점=35.8 [EXCLUDE] RS=+6.8%
[2026-05-25 04:22:41] [AIScorer] [DEBUG] KB금융 | 기본=51 감점=-5 보너스=+10 총점=56 [EXCLUDE] RS=+16.5%
[2026-05-25 04:22:41] [AIScorer] [DEBUG] 신한지주 | 기본=44.0 감점=-5 보너스=+10 총점=49.0 [EXCLUDE] RS=+1.9%
[2026-05-25 04:22:41] [AIScorer] [DEBUG] SK이노베이션 | 기본=32.0 감점=-5 보너스=+5 총점=32.0 [EXCLUDE] RS=+0.4%
[2026-05-25 04:22:41] [AIScorer] [DEBUG] LG | 기본=52.2 감점=-5 보너스=+10 총점=57.2 [EXCLUDE] RS=+12.0%
[2026-05-25 04:22:41] [AIScorer] [DEBUG] 현대모비스 | 기본=36.2 감점=-5 보너스=+10 총점=41.2 [EXCLUDE] RS=+2.2%
[2026-05-25 04:22:41] [AIScorer] [DEBUG] 현대차 | 기본=30 감점=-5 보너스=+5 총점=30 [EXCLUDE] RS=-1.8%
[2026-05-25 04:22:41] [AIScorer] [DEBUG] 기아 | 기본=36.1 감점=-5 보너스=+0 총점=31.1 [EXCLUDE] RS=+1.7%
[2026-05-25 04:22:41] [AIScorer] [DEBUG] 삼성물산 | 기본=18.5 감점=-5 보너스=+5 총점=18.5 [EXCLUDE] RS=-3.8%
[2026-05-25 04:22:41] [AIScorer] [DEBUG] 에코프로비엠 | 기본=40.8 감점=-5 보너스=+5 총점=40.8 [EXCLUDE] RS=+3.6%
[2026-05-25 04:22:41] [AIScorer] [DEBUG] 에코프로 | 기본=44 감점=-5 보너스=+5 총점=44 [EXCLUDE] RS=-4.0%
[2026-05-25 04:22:41] [AIScorer] [DEBUG] 위메이드 | 기본=35 감점=-5 보너스=+5 총점=35 [EXCLUDE] RS=-0.2%
[2026-05-25 04:22:41] [AIScorer] [DEBUG] 하이브 | 기본=51.3 감점=-5 보너스=+10 총점=56.3 [EXCLUDE] RS=+10.2%
[2026-05-25 04:22:41] [DailyScreener] [INFO] STEP 5: 등급 분류 중...
[2026-05-25 04:22:41] [DailyScreener] [INFO] ============================================================
[2026-05-25 04:22:41] [DailyScreener] [INFO]   ✅ 스크리닝 완료! (0.1초)
[2026-05-25 04:22:41] [DailyScreener] [INFO]   분석: 14개 | 제외: 16개
[2026-05-25 04:22:41] [DailyScreener] [INFO]   BUY_CANDIDATE: 0개
[2026-05-25 04:22:41] [DailyScreener] [INFO]   WATCH_HIGH:    0개
[2026-05-25 04:22:41] [DailyScreener] [INFO]   매수 후보 Top10:
[2026-05-25 04:22:41] [DailyScreener] [INFO] ============================================================
[2026-05-25 04:23:54] [ScreenerDB] [INFO] DB 초기화 완료: /home/user/webapp/stock_trader/screener/../data/screener.db
[2026-05-25 04:23:54] [DailyScreener] [INFO] ============================================================
[2026-05-25 04:23:54] [DailyScreener] [INFO]   📊 일일 종목 스크리닝 시작: 2026-05-25
[2026-05-25 04:23:54] [DailyScreener] [INFO] ============================================================
[2026-05-25 04:23:54] [DailyScreener] [INFO] STEP 1: 시장 지수 수집 중...
[2026-05-25 04:23:54] [DailyScreener] [INFO]   코스피 2,750pt (-1.5%) | 코스닥 895pt (-1.5%)
[2026-05-25 04:23:54] [DailyScreener] [INFO] STEP 2: 전체 종목 목록 수집 중...
[2026-05-25 04:23:54] [DailyScreener] [INFO]   총 30개 종목 수집
[2026-05-25 04:23:54] [DailyScreener] [INFO] STEP 3: 기본 제외 필터 적용 중...
[2026-05-25 04:23:54] [StockFilter] [DEBUG]   ✗ 삼성전자(005930) — 시총미달(255억)
[2026-05-25 04:23:54] [StockFilter] [DEBUG]   ✗ SK하이닉스(000660) — 시총미달(57억)
[2026-05-25 04:23:54] [StockFilter] [DEBUG]   ✗ NAVER(035420) — 시총미달(13억)
[2026-05-25 04:23:54] [StockFilter] [DEBUG]   ✗ 카카오(035720) — 시총미달(98억)
[2026-05-25 04:23:54] [StockFilter] [DEBUG]   ✗ LG화학(051910) — 시총미달(242억)
[2026-05-25 04:23:54] [StockFilter] [DEBUG]   ✗ 삼성SDI(006400) — 시총미달(237억)
[2026-05-25 04:23:54] [StockFilter] [DEBUG]   ✗ 셀트리온(068270) — 시총미달(108억)
[2026-05-25 04:23:54] [StockFilter] [DEBUG]   ✗ 삼성생명(032830) — 시총미달(86억)
[2026-05-25 04:23:54] [StockFilter] [DEBUG]   ✗ SK텔레콤(017670) — 시총미달(229억)
[2026-05-25 04:23:54] [StockFilter] [DEBUG]   ✗ KT(030200) — 시총미달(164억)
[2026-05-25 04:23:54] [StockFilter] [DEBUG]   ✗ 셀트리온헬스케어(091990) — 시총미달(236억)
[2026-05-25 04:23:54] [StockFilter] [DEBUG]   ✗ 펄어비스(263750) — 시총미달(223억)
[2026-05-25 04:23:54] [StockFilter] [DEBUG]   ✗ 카카오게임즈(293490) — 시총미달(208억)
[2026-05-25 04:23:54] [StockFilter] [DEBUG]   ✗ 에스엠(041510) — 시총미달(282억)
[2026-05-25 04:23:54] [StockFilter] [DEBUG]   ✗ 와이지엔터(122870) — 시총미달(196억)
[2026-05-25 04:23:54] [StockFilter] [DEBUG]   ✗ 한진칼(180640) — 시총미달(261억)
[2026-05-25 04:23:54] [StockFilter] [INFO] 필터링 결과: 통과 14개 / 제외 16개 (전체 30개)
[2026-05-25 04:23:54] [DailyScreener] [INFO]   통과: 14개 / 제외: 16개
[2026-05-25 04:23:54] [DailyScreener] [INFO] STEP 4: AI 점수화 시작 (14개)...
[2026-05-25 04:23:54] [AIScorer] [DEBUG] LG에너지솔루션 | 기본=27.3 감점=+0 보너스=+0 총점=27.3 [EXCLUDE] RS=-0.3%
[2026-05-25 04:23:54] [AIScorer] [DEBUG] 삼성바이오로직스 | 기본=27.9 감점=+0 보너스=+0 총점=27.9 [EXCLUDE] RS=+1.2%
[2026-05-25 04:23:54] [AIScorer] [DEBUG] KB금융 | 기본=19 감점=+0 보너스=+0 총점=19 [EXCLUDE] RS=+2.3%
[2026-05-25 04:23:54] [AIScorer] [DEBUG] 신한지주 | 기본=96 감점=+0 보너스=+15 총점=111 [BUY_CANDIDATE] RS=+19.2%
[2026-05-25 04:23:54] [AIScorer] [DEBUG] SK이노베이션 | 기본=80 감점=+0 보너스=+10 총점=90 [BUY_CANDIDATE] RS=+13.1%
[2026-05-25 04:23:54] [AIScorer] [DEBUG] LG | 기본=20.3 감점=+0 보너스=+0 총점=20.3 [EXCLUDE] RS=+0.5%
[2026-05-25 04:23:54] [AIScorer] [DEBUG] 현대모비스 | 기본=74 감점=+0 보너스=+10 총점=84 [WATCH_HIGH] RS=+6.9%
[2026-05-25 04:23:54] [AIScorer] [DEBUG] 현대차 | 기본=51 감점=+0 보너스=+0 총점=51 [EXCLUDE] RS=+6.9%
[2026-05-25 04:23:54] [AIScorer] [DEBUG] 기아 | 기본=97 감점=+0 보너스=+15 총점=112 [BUY_CANDIDATE] RS=+17.2%
[2026-05-25 04:23:54] [AIScorer] [DEBUG] 삼성물산 | 기본=17 감점=+0 보너스=+0 총점=17 [EXCLUDE] RS=+4.2%
[2026-05-25 04:23:54] [AIScorer] [DEBUG] 에코프로비엠 | 기본=66 감점=+0 보너스=+10 총점=76 [WATCH] RS=+11.3%
[2026-05-25 04:23:54] [AIScorer] [DEBUG] 에코프로 | 기본=14 감점=+0 보너스=+0 총점=14 [EXCLUDE] RS=-4.3%
[2026-05-25 04:23:54] [AIScorer] [DEBUG] 위메이드 | 기본=47 감점=+0 보너스=+0 총점=47 [EXCLUDE] RS=+7.4%
[2026-05-25 04:23:54] [AIScorer] [DEBUG] 하이브 | 기본=88 감점=+0 보너스=+15 총점=103 [BUY_CANDIDATE] RS=+13.0%
[2026-05-25 04:23:54] [DailyScreener] [INFO] STEP 5: 등급 분류 중...
[2026-05-25 04:23:54] [DailyScreener] [INFO] ============================================================
[2026-05-25 04:23:54] [DailyScreener] [INFO]   ✅ 스크리닝 완료! (0.1초)
[2026-05-25 04:23:54] [DailyScreener] [INFO]   분석: 14개 | 제외: 16개
[2026-05-25 04:23:54] [DailyScreener] [INFO]   BUY_CANDIDATE: 4개
[2026-05-25 04:23:54] [DailyScreener] [INFO]   WATCH_HIGH:    1개
[2026-05-25 04:23:54] [DailyScreener] [INFO]   매수 후보 Top10:
[2026-05-25 04:23:54] [DailyScreener] [INFO]     1. 기아(000270) 점수=112 RS=+17.2% [BUY_CANDIDATE]
[2026-05-25 04:23:54] [DailyScreener] [INFO]     2. 신한지주(055550) 점수=111 RS=+19.2% [BUY_CANDIDATE]
[2026-05-25 04:23:54] [DailyScreener] [INFO]     3. 하이브(352820) 점수=103 RS=+13.0% [BUY_CANDIDATE]
[2026-05-25 04:23:54] [DailyScreener] [INFO]     4. SK이노베이션(096770) 점수=90 RS=+13.1% [BUY_CANDIDATE]
[2026-05-25 04:23:54] [DailyScreener] [INFO] ============================================================
[2026-05-25 04:26:04] [PyramidStrategy] [INFO] 💰 복리풀 잔액: 0원
[2026-05-25 04:26:30] [ScreenerDB] [INFO] DB 초기화 완료: /home/user/webapp/stock_trader/screener/../data/screener.db
[2026-05-25 04:26:30] [DailyScreener] [INFO] ============================================================
[2026-05-25 04:26:30] [DailyScreener] [INFO]   📊 일일 종목 스크리닝 시작: 2026-05-25
[2026-05-25 04:26:30] [DailyScreener] [INFO] ============================================================
[2026-05-25 04:26:30] [DailyScreener] [INFO] STEP 1: 시장 지수 수집 중...
[2026-05-25 04:27:22] [PyramidStrategy] [INFO] 💰 복리풀 잔액: 0원
[2026-05-25 04:28:05] [PyramidStrategy] [INFO] 💰 복리풀 잔액: 0원
[2026-05-25 04:28:27] [ScreenerDB] [INFO] DB 초기화 완료: /home/user/webapp/stock_trader/screener/../data/screener.db
[2026-05-25 04:28:27] [KISDataFetcher] [ERROR] 지수 조회 실패(KOSPI): 403 Client Error: Forbidden for url: https://openapivts.koreainvestment.com:29443/oauth2/tokenP
[2026-05-25 04:28:28] [KIS_API] [ERROR] OHLCV 조회 실패 005930: 403 Client Error: Forbidden for url: https://openapivts.koreainvestment.com:29443/oauth2/tokenP
[2026-05-25 04:28:42] [DailyScreener] [INFO] ============================================================
[2026-05-25 04:28:42] [DailyScreener] [INFO]   📊 일일 종목 스크리닝 시작: 2026-05-25
[2026-05-25 04:28:42] [DailyScreener] [INFO] ============================================================
[2026-05-25 04:28:42] [DailyScreener] [INFO] STEP 1: 시장 지수 수집 중...
[2026-05-25 04:28:42] [KISDataFetcher] [ERROR] 지수 조회 실패(KOSPI): 403 Client Error: Forbidden for url: https://openapivts.koreainvestment.com:29443/oauth2/tokenP
[2026-05-25 04:28:43] [KISDataFetcher] [ERROR] 지수 조회 실패(KOSDAQ): 403 Client Error: Forbidden for url: https://openapivts.koreainvestment.com:29443/oauth2/tokenP
[2026-05-25 04:28:43] [DailyScreener] [INFO]   코스피 2,750pt (-1.5%) | 코스닥 895pt (-1.5%)
[2026-05-25 04:28:43] [DailyScreener] [INFO] STEP 2: 전체 종목 목록 수집 중...
[2026-05-25 04:28:43] [KISDataFetcher] [ERROR] 종목목록 조회 실패(KOSPI): 403 Client Error: Forbidden for url: https://openapivts.koreainvestment.com:29443/oauth2/tokenP
[2026-05-25 04:28:44] [KISDataFetcher] [ERROR] 종목목록 조회 실패(KOSDAQ): 403 Client Error: Forbidden for url: https://openapivts.koreainvestment.com:29443/oauth2/tokenP
[2026-05-25 04:28:44] [DailyScreener] [INFO]   총 30개 종목 수집
[2026-05-25 04:28:44] [DailyScreener] [INFO] STEP 3: 기본 제외 필터 적용 중...
[2026-05-25 04:28:44] [StockFilter] [DEBUG]   ✗ 삼성전자(005930) — 시총미달(255억)
[2026-05-25 04:28:44] [StockFilter] [DEBUG]   ✗ SK하이닉스(000660) — 시총미달(57억)
[2026-05-25 04:28:44] [StockFilter] [DEBUG]   ✗ NAVER(035420) — 시총미달(13억)
[2026-05-25 04:28:44] [StockFilter] [DEBUG]   ✗ 카카오(035720) — 시총미달(98억)
[2026-05-25 04:28:44] [StockFilter] [DEBUG]   ✗ LG화학(051910) — 시총미달(242억)
[2026-05-25 04:28:44] [StockFilter] [DEBUG]   ✗ 삼성SDI(006400) — 시총미달(237억)
[2026-05-25 04:28:44] [StockFilter] [DEBUG]   ✗ 셀트리온(068270) — 시총미달(108억)
[2026-05-25 04:28:44] [StockFilter] [DEBUG]   ✗ 삼성생명(032830) — 시총미달(86억)
[2026-05-25 04:28:44] [StockFilter] [DEBUG]   ✗ SK텔레콤(017670) — 시총미달(229억)
[2026-05-25 04:28:44] [StockFilter] [DEBUG]   ✗ KT(030200) — 시총미달(164억)
[2026-05-25 04:28:44] [StockFilter] [DEBUG]   ✗ 셀트리온헬스케어(091990) — 시총미달(236억)
[2026-05-25 04:28:44] [StockFilter] [DEBUG]   ✗ 펄어비스(263750) — 시총미달(223억)
[2026-05-25 04:28:44] [StockFilter] [DEBUG]   ✗ 카카오게임즈(293490) — 시총미달(208억)
[2026-05-25 04:28:44] [StockFilter] [DEBUG]   ✗ 에스엠(041510) — 시총미달(282억)
[2026-05-25 04:28:44] [StockFilter] [DEBUG]   ✗ 와이지엔터(122870) — 시총미달(196억)
[2026-05-25 04:28:44] [StockFilter] [DEBUG]   ✗ 한진칼(180640) — 시총미달(261억)
[2026-05-25 04:28:44] [StockFilter] [INFO] 필터링 결과: 통과 14개 / 제외 16개 (전체 30개)
[2026-05-25 04:28:44] [DailyScreener] [INFO]   통과: 14개 / 제외: 16개
[2026-05-25 04:28:44] [DailyScreener] [INFO] STEP 4: AI 점수화 시작 (14개)...
[2026-05-25 04:28:45] [KIS_API] [ERROR] OHLCV 조회 실패 373220: 403 Client Error: Forbidden for url: https://openapivts.koreainvestment.com:29443/oauth2/tokenP
[2026-05-25 04:28:45] [KIS_API] [ERROR] OHLCV 조회 실패 207940: 403 Client Error: Forbidden for url: https://openapivts.koreainvestment.com:29443/oauth2/tokenP
[2026-05-25 04:28:46] [KIS_API] [ERROR] OHLCV 조회 실패 105560: 403 Client Error: Forbidden for url: https://openapivts.koreainvestment.com:29443/oauth2/tokenP
[2026-05-25 04:28:46] [KISDataFetcher] [ERROR] 지수 조회 실패(KOSPI): 403 Client Error: Forbidden for url: https://openapivts.koreainvestment.com:29443/oauth2/tokenP
[2026-05-25 04:28:46] [KIS_API] [ERROR] OHLCV 조회 실패 055550: 403 Client Error: Forbidden for url: https://openapivts.koreainvestment.com:29443/oauth2/tokenP
[2026-05-25 04:28:47] [KIS_API] [ERROR] OHLCV 조회 실패 005930: 403 Client Error: Forbidden for url: https://openapivts.koreainvestment.com:29443/oauth2/tokenP
[2026-05-25 04:28:47] [KIS_API] [ERROR] OHLCV 조회 실패 096770: 403 Client Error: Forbidden for url: https://openapivts.koreainvestment.com:29443/oauth2/tokenP
[2026-05-25 04:28:48] [KIS_API] [ERROR] OHLCV 조회 실패 003550: 403 Client Error: Forbidden for url: https://openapivts.koreainvestment.com:29443/oauth2/tokenP
[2026-05-25 04:28:48] [KIS_API] [ERROR] OHLCV 조회 실패 012330: 403 Client Error: Forbidden for url: https://openapivts.koreainvestment.com:29443/oauth2/tokenP
[2026-05-25 04:28:49] [KIS_API] [ERROR] OHLCV 조회 실패 005380: 403 Client Error: Forbidden for url: https://openapivts.koreainvestment.com:29443/oauth2/tokenP
[2026-05-25 04:28:49] [KIS_API] [ERROR] OHLCV 조회 실패 000270: 403 Client Error: Forbidden for url: https://openapivts.koreainvestment.com:29443/oauth2/tokenP
[2026-05-25 04:28:50] [KIS_API] [ERROR] OHLCV 조회 실패 028260: 403 Client Error: Forbidden for url: https://openapivts.koreainvestment.com:29443/oauth2/tokenP
[2026-05-25 04:28:51] [KIS_API] [ERROR] OHLCV 조회 실패 247540: 403 Client Error: Forbidden for url: https://openapivts.koreainvestment.com:29443/oauth2/tokenP
[2026-05-25 04:28:51] [KIS_API] [ERROR] OHLCV 조회 실패 086520: 403 Client Error: Forbidden for url: https://openapivts.koreainvestment.com:29443/oauth2/tokenP
[2026-05-25 04:28:52] [KIS_API] [ERROR] OHLCV 조회 실패 112040: 403 Client Error: Forbidden for url: https://openapivts.koreainvestment.com:29443/oauth2/tokenP
[2026-05-25 04:28:52] [KIS_API] [ERROR] OHLCV 조회 실패 352820: 403 Client Error: Forbidden for url: https://openapivts.koreainvestment.com:29443/oauth2/tokenP
[2026-05-25 04:28:52] [DailyScreener] [INFO] STEP 5: 등급 분류 중...
[2026-05-25 04:28:53] [DailyScreener] [INFO] ============================================================
[2026-05-25 04:28:53] [DailyScreener] [INFO]   ✅ 스크리닝 완료! (10.9초)
[2026-05-25 04:28:53] [DailyScreener] [INFO]   분석: 0개 | 제외: 16개
[2026-05-25 04:28:53] [DailyScreener] [INFO]   BUY_CANDIDATE: 0개
[2026-05-25 04:28:53] [DailyScreener] [INFO]   WATCH_HIGH:    0개
[2026-05-25 04:28:53] [DailyScreener] [INFO]   매수 후보 Top10:
[2026-05-25 04:28:53] [DailyScreener] [INFO] ============================================================
[2026-05-25 04:28:55] [ScreenerDB] [INFO] DB 초기화 완료: /home/user/webapp/stock_trader/screener/../data/screener.db
[2026-05-25 04:28:55] [AIScorer] [DEBUG] 삼성전자 | 기본=94 감점=+0 보너스=+15 총점=109 [BUY_CANDIDATE] RS=+13.8%
[2026-05-25 04:29:13] [KIS_API] [ERROR] OHLCV 조회 실패 005930: 403 Client Error: Forbidden for url: https://openapivts.koreainvestment.com:29443/oauth2/tokenP
[2026-05-25 04:30:27] [PyramidStrategy] [INFO] 💰 복리풀 잔액: 0원
[2026-05-25 04:30:41] [ScreenerDB] [INFO] DB 초기화 완료: /home/user/webapp/stock_trader/screener/../data/screener.db
[2026-05-25 04:30:41] [AIScorer] [DEBUG] 005930 | 기본=95 감점=+0 보너스=+15 총점=110 [BUY_CANDIDATE] RS=+14.1%
[2026-05-25 04:30:57] [AIScorer] [DEBUG] 005930 | 기본=95 감점=+0 보너스=+15 총점=110 [BUY_CANDIDATE] RS=+14.1%
[2026-05-25 04:30:57] [DailyScreener] [INFO] ============================================================
[2026-05-25 04:30:57] [DailyScreener] [INFO]   📊 일일 종목 스크리닝 시작: 2026-05-25
[2026-05-25 04:30:57] [DailyScreener] [INFO] ============================================================
[2026-05-25 04:30:57] [DailyScreener] [INFO] STEP 1: 시장 지수 수집 중...
[2026-05-25 04:30:57] [DailyScreener] [INFO]   코스피 2,750pt (-1.5%) | 코스닥 895pt (-1.5%)
[2026-05-25 04:30:57] [DailyScreener] [INFO] STEP 2: 전체 종목 목록 수집 중...
[2026-05-25 04:30:57] [DailyScreener] [INFO]   총 30개 종목 수집
[2026-05-25 04:30:57] [DailyScreener] [INFO] STEP 3: 기본 제외 필터 적용 중...
[2026-05-25 04:30:57] [StockFilter] [DEBUG]   ✗ 삼성전자(005930) — 시총미달(255억)
[2026-05-25 04:30:57] [StockFilter] [DEBUG]   ✗ SK하이닉스(000660) — 시총미달(57억)
[2026-05-25 04:30:57] [StockFilter] [DEBUG]   ✗ NAVER(035420) — 시총미달(13억)
[2026-05-25 04:30:57] [StockFilter] [DEBUG]   ✗ 카카오(035720) — 시총미달(98억)
[2026-05-25 04:30:57] [StockFilter] [DEBUG]   ✗ LG화학(051910) — 시총미달(242억)
[2026-05-25 04:30:57] [StockFilter] [DEBUG]   ✗ 삼성SDI(006400) — 시총미달(237억)
[2026-05-25 04:30:57] [StockFilter] [DEBUG]   ✗ 셀트리온(068270) — 시총미달(108억)
[2026-05-25 04:30:57] [StockFilter] [DEBUG]   ✗ 삼성생명(032830) — 시총미달(86억)
[2026-05-25 04:30:57] [StockFilter] [DEBUG]   ✗ SK텔레콤(017670) — 시총미달(229억)
[2026-05-25 04:30:57] [StockFilter] [DEBUG]   ✗ KT(030200) — 시총미달(164억)
[2026-05-25 04:30:57] [StockFilter] [DEBUG]   ✗ 셀트리온헬스케어(091990) — 시총미달(236억)
[2026-05-25 04:30:57] [StockFilter] [DEBUG]   ✗ 펄어비스(263750) — 시총미달(223억)
[2026-05-25 04:30:57] [StockFilter] [DEBUG]   ✗ 카카오게임즈(293490) — 시총미달(208억)
[2026-05-25 04:30:57] [StockFilter] [DEBUG]   ✗ 에스엠(041510) — 시총미달(282억)
[2026-05-25 04:30:57] [StockFilter] [DEBUG]   ✗ 와이지엔터(122870) — 시총미달(196억)
[2026-05-25 04:30:57] [StockFilter] [DEBUG]   ✗ 한진칼(180640) — 시총미달(261억)
[2026-05-25 04:30:57] [StockFilter] [INFO] 필터링 결과: 통과 14개 / 제외 16개 (전체 30개)
[2026-05-25 04:30:57] [DailyScreener] [INFO]   통과: 14개 / 제외: 16개
[2026-05-25 04:30:57] [DailyScreener] [INFO] STEP 4: AI 점수화 시작 (14개)...
[2026-05-25 04:30:57] [AIScorer] [DEBUG] LG에너지솔루션 | 기본=57 감점=+0 보너스=+0 총점=57 [EXCLUDE] RS=+4.5%
[2026-05-25 04:30:57] [AIScorer] [DEBUG] 삼성바이오로직스 | 기본=90 감점=+0 보너스=+15 총점=105 [BUY_CANDIDATE] RS=+20.2%
[2026-05-25 04:30:57] [AIScorer] [DEBUG] KB금융 | 기본=72 감점=+0 보너스=+5 총점=77 [WATCH] RS=+10.4%
[2026-05-25 04:30:57] [AIScorer] [DEBUG] 신한지주 | 기본=40 감점=+0 보너스=+0 총점=40 [EXCLUDE] RS=+4.6%
[2026-05-25 04:30:57] [AIScorer] [DEBUG] SK이노베이션 | 기본=90 감점=+0 보너스=+15 총점=105 [BUY_CANDIDATE] RS=+13.9%
[2026-05-25 04:30:57] [AIScorer] [DEBUG] LG | 기본=77 감점=+0 보너스=+15 총점=92 [BUY_CANDIDATE] RS=+11.6%
[2026-05-25 04:30:57] [AIScorer] [DEBUG] 현대모비스 | 기본=77 감점=+0 보너스=+10 총점=87 [WATCH_HIGH] RS=+6.6%
[2026-05-25 04:30:57] [AIScorer] [DEBUG] 현대차 | 기본=75 감점=+0 보너스=+10 총점=85 [WATCH_HIGH] RS=+7.8%
[2026-05-25 04:30:57] [AIScorer] [DEBUG] 기아 | 기본=67 감점=+0 보너스=+5 총점=72 [WATCH] RS=+7.1%
[2026-05-25 04:30:57] [AIScorer] [DEBUG] 삼성물산 | 기본=76 감점=+0 보너스=+10 총점=86 [WATCH_HIGH] RS=+8.8%
[2026-05-25 04:30:57] [AIScorer] [DEBUG] 에코프로비엠 | 기본=97 감점=+0 보너스=+15 총점=112 [BUY_CANDIDATE] RS=+15.1%
[2026-05-25 04:30:57] [AIScorer] [DEBUG] 에코프로 | 기본=76 감점=+0 보너스=+15 총점=91 [BUY_CANDIDATE] RS=+13.4%
[2026-05-25 04:30:57] [AIScorer] [DEBUG] 위메이드 | 기본=23 감점=+0 보너스=+0 총점=23 [EXCLUDE] RS=+2.2%
[2026-05-25 04:30:57] [AIScorer] [DEBUG] 하이브 | 기본=55 감점=+0 보너스=+0 총점=55 [EXCLUDE] RS=+5.0%
[2026-05-25 04:30:57] [DailyScreener] [INFO] STEP 5: 등급 분류 중...
[2026-05-25 04:30:57] [DailyScreener] [INFO] ============================================================
[2026-05-25 04:30:57] [DailyScreener] [INFO]   ✅ 스크리닝 완료! (0.1초)
[2026-05-25 04:30:57] [DailyScreener] [INFO]   분석: 14개 | 제외: 16개
[2026-05-25 04:30:57] [DailyScreener] [INFO]   BUY_CANDIDATE: 5개
[2026-05-25 04:30:57] [DailyScreener] [INFO]   WATCH_HIGH:    3개
[2026-05-25 04:30:57] [DailyScreener] [INFO]   매수 후보 Top10:
[2026-05-25 04:30:57] [DailyScreener] [INFO]     1. 에코프로비엠(247540) 점수=112 RS=+15.1% [BUY_CANDIDATE]
[2026-05-25 04:30:57] [DailyScreener] [INFO]     2. 삼성바이오로직스(207940) 점수=105 RS=+20.2% [BUY_CANDIDATE]
[2026-05-25 04:30:57] [DailyScreener] [INFO]     3. SK이노베이션(096770) 점수=105 RS=+13.9% [BUY_CANDIDATE]
[2026-05-25 04:30:57] [DailyScreener] [INFO]     4. LG(003550) 점수=92 RS=+11.6% [BUY_CANDIDATE]
[2026-05-25 04:30:57] [DailyScreener] [INFO]     5. 에코프로(086520) 점수=91 RS=+13.4% [BUY_CANDIDATE]
[2026-05-25 04:30:57] [DailyScreener] [INFO] ============================================================
[2026-05-25 04:31:19] [KIS_API] [ERROR] 잔고 조회 실패: 403 Client Error: Forbidden for url: https://openapivts.koreainvestment.com:29443/oauth2/tokenP
[2026-05-25 04:31:19] [KIS_API] [ERROR] OHLCV 조회 실패 005930: 403 Client Error: Forbidden for url: https://openapivts.koreainvestment.com:29443/oauth2/tokenP
[2026-05-25 04:31:19] [KIS_API] [ERROR] 잔고 조회 실패: 403 Client Error: Forbidden for url: https://openapivts.koreainvestment.com:29443/oauth2/tokenP
[2026-05-25 05:22:26] [LabDB] [INFO] [LabDB] DB 초기화 완료: /home/user/webapp/stock_trader/strategy_lab/../data/lab.db
[2026-05-25 05:22:36] [LabDB] [INFO] [LabDB] DB 초기화 완료: /home/user/webapp/stock_trader/strategy_lab/../data/lab.db
[2026-05-25 05:22:36] [StrategyLab] [INFO] [StrategyLab] 초기화: 15개 실험 전략 포트폴리오 생성
[2026-05-25 05:22:36] [StrategyLab] [INFO] [StrategyLab] 데모 시뮬레이션 시작: 30일
[2026-05-25 05:22:36] [ShadowPortfolio] [DEBUG] [S1] 가상매수 SK하이닉스 13주 @181,895
[2026-05-25 05:22:36] [StrategyLab] [DEBUG] [S1] 가상매수 SK하이닉스 13주 @181,895
[2026-05-25 05:22:36] [ShadowPortfolio] [DEBUG] [S2] 가상매수 SK하이닉스 13주 @181,895
[2026-05-25 05:22:36] [StrategyLab] [DEBUG] [S2] 가상매수 SK하이닉스 13주 @181,895
[2026-05-25 05:22:36] [ShadowPortfolio] [DEBUG] [S3] 가상매수 SK하이닉스 13주 @181,895
[2026-05-25 05:22:36] [StrategyLab] [DEBUG] [S3] 가상매수 SK하이닉스 13주 @181,895
[2026-05-25 05:22:36] [ShadowPortfolio] [DEBUG] [S4] 가상매수 SK하이닉스 13주 @181,895
[2026-05-25 05:22:36] [StrategyLab] [DEBUG] [S4] 가상매수 SK하이닉스 13주 @181,895
[2026-05-25 05:22:36] [ShadowPortfolio] [DEBUG] [S5] 가상매수 SK하이닉스 13주 @181,895
[2026-05-25 05:22:36] [StrategyLab] [DEBUG] [S5] 가상매수 SK하이닉스 13주 @181,895
[2026-05-25 05:22:36] [ShadowPortfolio] [DEBUG] [T1] 가상매수 SK하이닉스 13주 @181,895
[2026-05-25 05:22:36] [StrategyLab] [DEBUG] [T1] 가상매수 SK하이닉스 13주 @181,895
[2026-05-25 05:22:36] [ShadowPortfolio] [DEBUG] [T2] 가상매수 SK하이닉스 13주 @181,895
[2026-05-25 05:22:36] [StrategyLab] [DEBUG] [T2] 가상매수 SK하이닉스 13주 @181,895
[2026-05-25 05:22:36] [ShadowPortfolio] [DEBUG] [T3] 가상매수 SK하이닉스 13주 @181,895
[2026-05-25 05:22:36] [StrategyLab] [DEBUG] [T3] 가상매수 SK하이닉스 13주 @181,895
[2026-05-25 05:22:36] [ShadowPortfolio] [DEBUG] [T4] 가상매수 SK하이닉스 13주 @181,895
[2026-05-25 05:22:36] [StrategyLab] [DEBUG] [T4] 가상매수 SK하이닉스 13주 @181,895
[2026-05-25 05:22:36] [ShadowPortfolio] [DEBUG] [T5] 가상매수 SK하이닉스 13주 @181,895
[2026-05-25 05:22:36] [StrategyLab] [DEBUG] [T5] 가상매수 SK하이닉스 13주 @181,895
[2026-05-25 05:22:36] [ShadowPortfolio] [DEBUG] [T6] 가상매수 SK하이닉스 13주 @181,895
[2026-05-25 05:22:36] [StrategyLab] [DEBUG] [T6] 가상매수 SK하이닉스 13주 @181,895
[2026-05-25 05:22:36] [ShadowPortfolio] [DEBUG] [P1] 가상매수 SK하이닉스 13주 @181,895
[2026-05-25 05:22:36] [StrategyLab] [DEBUG] [P1] 가상매수 SK하이닉스 13주 @181,895
[2026-05-25 05:22:36] [ShadowPortfolio] [DEBUG] [P2] 가상매수 SK하이닉스 13주 @181,895
[2026-05-25 05:22:36] [StrategyLab] [DEBUG] [P2] 가상매수 SK하이닉스 13주 @181,895
[2026-05-25 05:22:36] [ShadowPortfolio] [DEBUG] [P3] 가상매수 SK하이닉스 13주 @181,895
[2026-05-25 05:22:36] [StrategyLab] [DEBUG] [P3] 가상매수 SK하이닉스 13주 @181,895
[2026-05-25 05:22:36] [ShadowPortfolio] [DEBUG] [P4] 가상매수 SK하이닉스 13주 @181,895
[2026-05-25 05:22:36] [StrategyLab] [DEBUG] [P4] 가상매수 SK하이닉스 13주 @181,895
[2026-05-25 05:22:36] [ShadowPortfolio] [DEBUG] [S1] 가상매수 NAVER 8주 @215,455
[2026-05-25 05:22:36] [StrategyLab] [DEBUG] [S1] 가상매수 NAVER 8주 @215,455
[2026-05-25 05:22:36] [ShadowPortfolio] [DEBUG] [S2] 가상매수 NAVER 8주 @215,455
[2026-05-25 05:22:36] [StrategyLab] [DEBUG] [S2] 가상매수 NAVER 8주 @215,455
[2026-05-25 05:22:36] [ShadowPortfolio] [DEBUG] [S3] 가상매수 NAVER 8주 @215,455
[2026-05-25 05:22:36] [StrategyLab] [DEBUG] [S3] 가상매수 NAVER 8주 @215,455
[2026-05-25 05:22:36] [ShadowPortfolio] [DEBUG] [S4] 가상매수 NAVER 8주 @215,455
[2026-05-25 05:22:36] [StrategyLab] [DEBUG] [S4] 가상매수 NAVER 8주 @215,455
[2026-05-25 05:22:36] [ShadowPortfolio] [DEBUG] [S5] 가상매수 NAVER 8주 @215,455
[2026-05-25 05:22:36] [StrategyLab] [DEBUG] [S5] 가상매수 NAVER 8주 @215,455
[2026-05-25 05:22:36] [ShadowPortfolio] [DEBUG] [T1] 가상매수 NAVER 8주 @215,455
[2026-05-25 05:22:36] [StrategyLab] [DEBUG] [T1] 가상매수 NAVER 8주 @215,455
[2026-05-25 05:22:36] [ShadowPortfolio] [DEBUG] [T2] 가상매수 NAVER 8주 @215,455
[2026-05-25 05:22:36] [StrategyLab] [DEBUG] [T2] 가상매수 NAVER 8주 @215,455
[2026-05-25 05:22:36] [ShadowPortfolio] [DEBUG] [T3] 가상매수 NAVER 8주 @215,455
[2026-05-25 05:22:36] [StrategyLab] [DEBUG] [T3] 가상매수 NAVER 8주 @215,455
[2026-05-25 05:22:36] [ShadowPortfolio] [DEBUG] [T4] 가상매수 NAVER 8주 @215,455
[2026-05-25 05:22:36] [StrategyLab] [DEBUG] [T4] 가상매수 NAVER 8주 @215,455
[2026-05-25 05:22:36] [ShadowPortfolio] [DEBUG] [T5] 가상매수 NAVER 8주 @215,455
[2026-05-25 05:22:36] [StrategyLab] [DEBUG] [T5] 가상매수 NAVER 8주 @215,455
[2026-05-25 05:22:36] [ShadowPortfolio] [DEBUG] [T6] 가상매수 NAVER 8주 @215,455
[2026-05-25 05:22:36] [StrategyLab] [DEBUG] [T6] 가상매수 NAVER 8주 @215,455
[2026-05-25 05:22:36] [ShadowPortfolio] [DEBUG] [P1] 가상매수 NAVER 8주 @215,455
[2026-05-25 05:22:36] [StrategyLab] [DEBUG] [P1] 가상매수 NAVER 8주 @215,455
[2026-05-25 05:22:36] [ShadowPortfolio] [DEBUG] [P2] 가상매수 NAVER 8주 @215,455
[2026-05-25 05:22:36] [StrategyLab] [DEBUG] [P2] 가상매수 NAVER 8주 @215,455
[2026-05-25 05:22:36] [ShadowPortfolio] [DEBUG] [P3] 가상매수 NAVER 8주 @215,455
[2026-05-25 05:22:36] [StrategyLab] [DEBUG] [P3] 가상매수 NAVER 8주 @215,455
[2026-05-25 05:22:36] [ShadowPortfolio] [DEBUG] [P4] 가상매수 NAVER 8주 @215,455
[2026-05-25 05:22:36] [StrategyLab] [DEBUG] [P4] 가상매수 NAVER 8주 @215,455
[2026-05-25 05:22:36] [ShadowPortfolio] [DEBUG] [S1] 가상매도 SK하이닉스 -171,574원 (보유2일) → 손절(-7.3% ≤ -5.0%)
[2026-05-25 05:22:36] [ShadowPortfolio] [DEBUG] [S2] 가상매도 SK하이닉스 -171,574원 (보유2일) → 손절(-7.3% ≤ -7.0%)
[2026-05-25 05:22:36] [ShadowPortfolio] [DEBUG] [S1] 가상매수 삼성전자 26주 @75,455
[2026-05-25 05:22:36] [StrategyLab] [DEBUG] [S1] 가상매수 삼성전자 26주 @75,455
[2026-05-25 05:22:36] [ShadowPortfolio] [DEBUG] [S2] 가상매수 삼성전자 26주 @75,455
[2026-05-25 05:22:36] [StrategyLab] [DEBUG] [S2] 가상매수 삼성전자 26주 @75,455
[2026-05-25 05:22:36] [ShadowPortfolio] [DEBUG] [S3] 가상매수 삼성전자 19주 @75,455
[2026-05-25 05:22:36] [StrategyLab] [DEBUG] [S3] 가상매수 삼성전자 19주 @75,455
[2026-05-25 05:22:36] [ShadowPortfolio] [DEBUG] [S4] 가상매수 삼성전자 19주 @75,455
[2026-05-25 05:22:36] [StrategyLab] [DEBUG] [S4] 가상매수 삼성전자 19주 @75,455
[2026-05-25 05:22:36] [ShadowPortfolio] [DEBUG] [S5] 가상매수 삼성전자 19주 @75,455
[2026-05-25 05:22:36] [StrategyLab] [DEBUG] [S5] 가상매수 삼성전자 19주 @75,455
[2026-05-25 05:22:36] [ShadowPortfolio] [DEBUG] [T1] 가상매수 삼성전자 19주 @75,455
[2026-05-25 05:22:36] [StrategyLab] [DEBUG] [T1] 가상매수 삼성전자 19주 @75,455
[2026-05-25 05:22:36] [ShadowPortfolio] [DEBUG] [T2] 가상매수 삼성전자 19주 @75,455
[2026-05-25 05:22:36] [StrategyLab] [DEBUG] [T2] 가상매수 삼성전자 19주 @75,455
[2026-05-25 05:22:36] [ShadowPortfolio] [DEBUG] [T3] 가상매수 삼성전자 19주 @75,455
[2026-05-25 05:22:36] [StrategyLab] [DEBUG] [T3] 가상매수 삼성전자 19주 @75,455
[2026-05-25 05:22:36] [ShadowPortfolio] [DEBUG] [T4] 가상매수 삼성전자 19주 @75,455
[2026-05-25 05:22:36] [StrategyLab] [DEBUG] [T4] 가상매수 삼성전자 19주 @75,455
[2026-05-25 05:22:36] [ShadowPortfolio] [DEBUG] [T5] 가상매수 삼성전자 19주 @75,455
[2026-05-25 05:22:36] [StrategyLab] [DEBUG] [T5] 가상매수 삼성전자 19주 @75,455
[2026-05-25 05:22:36] [ShadowPortfolio] [DEBUG] [T6] 가상매수 삼성전자 19주 @75,455
[2026-05-25 05:22:36] [StrategyLab] [DEBUG] [T6] 가상매수 삼성전자 19주 @75,455
[2026-05-25 05:22:36] [ShadowPortfolio] [DEBUG] [P1] 가상매수 삼성전자 19주 @75,455
[2026-05-25 05:22:36] [StrategyLab] [DEBUG] [P1] 가상매수 삼성전자 19주 @75,455
[2026-05-25 05:22:36] [ShadowPortfolio] [DEBUG] [P2] 가상매수 삼성전자 19주 @75,455
[2026-05-25 05:22:36] [StrategyLab] [DEBUG] [P2] 가상매수 삼성전자 19주 @75,455
[2026-05-25 05:22:36] [ShadowPortfolio] [DEBUG] [P3] 가상매수 삼성전자 19주 @75,455
[2026-05-25 05:22:36] [StrategyLab] [DEBUG] [P3] 가상매수 삼성전자 19주 @75,455
[2026-05-25 05:22:36] [ShadowPortfolio] [DEBUG] [P4] 가상매수 삼성전자 19주 @75,455
[2026-05-25 05:22:36] [StrategyLab] [DEBUG] [P4] 가상매수 삼성전자 19주 @75,455
[2026-05-25 05:22:36] [ShadowPortfolio] [DEBUG] [S1] 가상매수 SK하이닉스 9주 @168,887
[2026-05-25 05:22:36] [StrategyLab] [DEBUG] [S1] 가상매수 SK하이닉스 9주 @168,887
[2026-05-25 05:22:36] [ShadowPortfolio] [DEBUG] [S2] 가상매수 SK하이닉스 9주 @168,887
[2026-05-25 05:22:36] [StrategyLab] [DEBUG] [S2] 가상매수 SK하이닉스 9주 @168,887
[2026-05-25 05:22:36] [ShadowPortfolio] [DEBUG] [S1] 가상매도 NAVER -90,672원 (보유23일) → 손절(-5.3% ≤ -5.0%)
[2026-05-25 05:22:36] [ShadowPortfolio] [DEBUG] [S1] 가상매수 NAVER 7주 @208,105
[2026-05-25 05:22:36] [StrategyLab] [DEBUG] [S1] 가상매수 NAVER 7주 @208,105
[2026-05-25 05:22:36] [StrategyLab] [INFO] [StrategyLab] 랭킹 계산 완료: 15개 전략 | 시장국면=LATERAL
[2026-05-25 05:22:36] [StrategyLab] [INFO]   🥇 1위: 손절 -5% (29.0점)
[2026-05-25 05:22:36] [StrategyLab] [INFO] [StrategyLab] 데모 시뮬레이션 완료: 30일
[2026-05-25 05:22:36] [LabDB] [INFO] [LabDB] 랭킹 저장: 5개 전략 (2026-05-25)
[2026-05-25 05:23:39] [LabDB] [INFO] [LabDB] DB 초기화 완료: /home/user/webapp/stock_trader/strategy_lab/../data/lab.db
[2026-05-25 05:23:39] [StrategyLab] [INFO] [StrategyLab] 초기화: 15개 실험 전략 포트폴리오 생성
[2026-05-25 05:23:39] [StrategyLab] [INFO] [StrategyLab] 상태 로드 완료
[2026-05-25 05:23:39] [StrategyLab] [INFO] [StrategyLab] 데모 시뮬레이션 시작: 60일
[2026-05-25 05:23:39] [ShadowPortfolio] [DEBUG] [S1] 가상추가매수 SK하이닉스 @10.0% → 5주 @188,488
[2026-05-25 05:23:39] [ShadowPortfolio] [DEBUG] [S2] 가상추가매수 SK하이닉스 @10.0% → 4주 @188,488
[2026-05-25 05:23:40] [ShadowPortfolio] [DEBUG] [S1] 가상추가매수 NAVER @10.0% → 3주 @229,138
[2026-05-25 05:23:40] [ShadowPortfolio] [DEBUG] [S1] 가상매도 삼성전자 -98,618원 (보유-1일) → 손절(-5.0% ≤ -5.0%)
[2026-05-25 05:23:40] [ShadowPortfolio] [DEBUG] [S2] 가상매도 삼성전자 -148,252원 (보유1일) → 손절(-7.6% ≤ -7.0%)
[2026-05-25 05:23:40] [ShadowPortfolio] [DEBUG] [S1] 가상매수 삼성전자 17주 @71,743
[2026-05-25 05:23:40] [StrategyLab] [DEBUG] [S1] 가상매수 삼성전자 17주 @71,743
[2026-05-25 05:23:40] [ShadowPortfolio] [DEBUG] [S2] 가상매수 삼성전자 19주 @71,743
[2026-05-25 05:23:40] [StrategyLab] [DEBUG] [S2] 가상매수 삼성전자 19주 @71,743
[2026-05-25 05:23:40] [ShadowPortfolio] [DEBUG] [S2] 가상추가매수 NAVER @10.0% → 3주 @238,564
[2026-05-25 05:23:40] [ShadowPortfolio] [DEBUG] [S3] 가상추가매수 NAVER @10.0% → 3주 @238,564
[2026-05-25 05:23:40] [ShadowPortfolio] [DEBUG] [S4] 가상추가매수 NAVER @10.0% → 3주 @238,564
[2026-05-25 05:23:40] [ShadowPortfolio] [DEBUG] [S5] 가상추가매수 NAVER @10.0% → 3주 @238,564
[2026-05-25 05:23:40] [ShadowPortfolio] [DEBUG] [T1] 가상추가매수 NAVER @10.0% → 3주 @238,564
[2026-05-25 05:23:40] [ShadowPortfolio] [DEBUG] [T2] 가상추가매수 NAVER @10.0% → 3주 @238,564
[2026-05-25 05:23:40] [ShadowPortfolio] [DEBUG] [T3] 가상추가매수 NAVER @10.0% → 3주 @238,564
[2026-05-25 05:23:40] [ShadowPortfolio] [DEBUG] [T4] 가상추가매수 NAVER @10.0% → 3주 @238,564
[2026-05-25 05:23:40] [ShadowPortfolio] [DEBUG] [T5] 가상추가매수 NAVER @10.0% → 3주 @238,564
[2026-05-25 05:23:40] [ShadowPortfolio] [DEBUG] [T6] 가상추가매수 NAVER @10.0% → 3주 @238,564
[2026-05-25 05:23:40] [ShadowPortfolio] [DEBUG] [P1] 가상추가매수 NAVER @10.0% → 3주 @238,564
[2026-05-25 05:23:40] [ShadowPortfolio] [DEBUG] [S1] 가상추가매수 SK하이닉스 @20.0% → 3주 @203,953
[2026-05-25 05:23:40] [ShadowPortfolio] [DEBUG] [S2] 가상추가매수 SK하이닉스 @20.0% → 3주 @203,953
[2026-05-25 05:23:40] [ShadowPortfolio] [DEBUG] [S3] 가상추가매수 SK하이닉스 @10.0% → 3주 @203,953
[2026-05-25 05:23:40] [ShadowPortfolio] [DEBUG] [S4] 가상추가매수 SK하이닉스 @10.0% → 3주 @203,953
[2026-05-25 05:23:40] [ShadowPortfolio] [DEBUG] [S5] 가상추가매수 SK하이닉스 @10.0% → 3주 @203,953
[2026-05-25 05:23:40] [ShadowPortfolio] [DEBUG] [T1] 가상추가매수 SK하이닉스 @10.0% → 3주 @203,953
[2026-05-25 05:23:40] [ShadowPortfolio] [DEBUG] [T2] 가상추가매수 SK하이닉스 @10.0% → 3주 @203,953
[2026-05-25 05:23:40] [ShadowPortfolio] [DEBUG] [T3] 가상추가매수 SK하이닉스 @10.0% → 3주 @203,953
[2026-05-25 05:23:40] [ShadowPortfolio] [DEBUG] [T4] 가상추가매수 SK하이닉스 @10.0% → 3주 @203,953
[2026-05-25 05:23:40] [ShadowPortfolio] [DEBUG] [T5] 가상추가매수 SK하이닉스 @10.0% → 3주 @203,953
[2026-05-25 05:23:40] [ShadowPortfolio] [DEBUG] [T6] 가상추가매수 SK하이닉스 @10.0% → 3주 @203,953
[2026-05-25 05:23:40] [ShadowPortfolio] [DEBUG] [P1] 가상추가매수 SK하이닉스 @10.0% → 3주 @203,953
[2026-05-25 05:23:40] [ShadowPortfolio] [DEBUG] [S1] 가상추가매수 NAVER @20.0% → 2주 @250,512
[2026-05-25 05:23:40] [ShadowPortfolio] [DEBUG] [P2] 가상추가매수 NAVER @15.0% → 3주 @250,512
[2026-05-25 05:23:40] [ShadowPortfolio] [DEBUG] [S2] 가상추가매수 NAVER @20.0% → 2주 @261,715
[2026-05-25 05:23:40] [ShadowPortfolio] [DEBUG] [S3] 가상추가매수 NAVER @20.0% → 2주 @261,715
[2026-05-25 05:23:40] [ShadowPortfolio] [DEBUG] [S4] 가상추가매수 NAVER @20.0% → 2주 @261,715
[2026-05-25 05:23:40] [ShadowPortfolio] [DEBUG] [S5] 가상추가매수 NAVER @20.0% → 2주 @261,715
[2026-05-25 05:23:40] [ShadowPortfolio] [DEBUG] [T1] 가상추가매수 NAVER @20.0% → 2주 @261,715
[2026-05-25 05:23:40] [ShadowPortfolio] [DEBUG] [T2] 가상추가매수 NAVER @20.0% → 2주 @261,715
[2026-05-25 05:23:40] [ShadowPortfolio] [DEBUG] [T3] 가상추가매수 NAVER @20.0% → 2주 @261,715
[2026-05-25 05:23:40] [ShadowPortfolio] [DEBUG] [T4] 가상추가매수 NAVER @20.0% → 2주 @261,715
[2026-05-25 05:23:40] [ShadowPortfolio] [DEBUG] [T5] 가상추가매수 NAVER @20.0% → 2주 @261,715
[2026-05-25 05:23:40] [ShadowPortfolio] [DEBUG] [T6] 가상추가매수 NAVER @20.0% → 2주 @261,715
[2026-05-25 05:23:40] [ShadowPortfolio] [DEBUG] [P1] 가상추가매수 NAVER @20.0% → 2주 @261,715
[2026-05-25 05:23:40] [ShadowPortfolio] [DEBUG] [P3] 가상추가매수 NAVER @20.0% → 3주 @261,715
[2026-05-25 05:23:40] [StrategyLab] [INFO] [StrategyLab] 랭킹 계산 완료: 15개 전략 | 시장국면=LATERAL
[2026-05-25 05:23:40] [StrategyLab] [INFO]   🥇 1위: 손절 -5% (48.5점)
[2026-05-25 05:23:40] [StrategyLab] [INFO] [StrategyLab] 데모 시뮬레이션 완료: 60일
[2026-05-25 05:23:40] [LabDB] [INFO] [LabDB] 랭킹 저장: 5개 전략 (2026-05-25)
[2026-05-25 05:23:54] [PyramidStrategy] [INFO] 💰 복리풀 잔액: 0원
[2026-05-25 05:23:54] [LabDB] [INFO] [LabDB] DB 초기화 완료: /home/user/webapp/stock_trader/strategy_lab/../data/lab.db
[2026-05-25 05:23:54] [StrategyLab] [INFO] [StrategyLab] 초기화: 15개 실험 전략 포트폴리오 생성
[2026-05-25 05:23:54] [StrategyLab] [INFO] [StrategyLab] 상태 로드 완료
[2026-05-25 05:23:54] [Dashboard] [INFO] [App] StrategyLabEngine 초기화 완료
[2026-05-25 05:24:25] [StrategyLab] [INFO] [StrategyLab] 데모 시뮬레이션 시작: 30일
[2026-05-25 05:24:25] [ShadowPortfolio] [DEBUG] [T1] 가상매도 SK하이닉스 -66,174원 (보유0일) → 트레일링스탑(고점대비-12.9% ≤ -10.0%)
[2026-05-25 05:24:25] [ShadowPortfolio] [DEBUG] [T2] 가상매도 SK하이닉스 -66,174원 (보유0일) → 트레일링스탑(고점대비-12.9% ≤ -12.0%)
[2026-05-25 05:24:25] [ShadowPortfolio] [DEBUG] [S1] 가상매도 NAVER -59,713원 (보유-26일) → 트레일링스탑(고점대비-22.6% ≤ -15.0%)
[2026-05-25 05:24:25] [ShadowPortfolio] [DEBUG] [S2] 가상매도 NAVER -161,847원 (보유0일) → 트레일링스탑(고점대비-22.6% ≤ -15.0%)
[2026-05-25 05:24:25] [ShadowPortfolio] [DEBUG] [S3] 가상매도 NAVER -161,847원 (보유0일) → 트레일링스탑(고점대비-22.6% ≤ -15.0%)
[2026-05-25 05:24:25] [ShadowPortfolio] [DEBUG] [S4] 가상매도 NAVER -161,847원 (보유0일) → 트레일링스탑(고점대비-22.6% ≤ -15.0%)
[2026-05-25 05:24:25] [ShadowPortfolio] [DEBUG] [S5] 가상매도 NAVER -161,847원 (보유0일) → 트레일링스탑(고점대비-22.6% ≤ -15.0%)
[2026-05-25 05:24:25] [ShadowPortfolio] [DEBUG] [T1] 가상매도 NAVER -161,847원 (보유0일) → 트레일링스탑(고점대비-22.6% ≤ -10.0%)
[2026-05-25 05:24:25] [ShadowPortfolio] [DEBUG] [T2] 가상매도 NAVER -161,847원 (보유0일) → 트레일링스탑(고점대비-22.6% ≤ -12.0%)
[2026-05-25 05:24:25] [ShadowPortfolio] [DEBUG] [T3] 가상매도 NAVER -161,847원 (보유0일) → 트레일링스탑(고점대비-22.6% ≤ -15.0%)
[2026-05-25 05:24:25] [ShadowPortfolio] [DEBUG] [T4] 가상매도 NAVER -161,847원 (보유0일) → 트레일링스탑(고점대비-22.6% ≤ -18.0%)
[2026-05-25 05:24:25] [ShadowPortfolio] [DEBUG] [T5] 가상매도 NAVER -161,847원 (보유0일) → 트레일링스탑(고점대비-22.6% ≤ -20.0%)
[2026-05-25 05:24:25] [ShadowPortfolio] [DEBUG] [P1] 가상매도 NAVER -161,847원 (보유0일) → 트레일링스탑(고점대비-22.6% ≤ -15.0%)
[2026-05-25 05:24:25] [ShadowPortfolio] [DEBUG] [P2] 가상매도 NAVER -105,171원 (보유0일) → 트레일링스탑(고점대비-22.6% ≤ -15.0%)
[2026-05-25 05:24:25] [ShadowPortfolio] [DEBUG] [P3] 가상매도 NAVER -138,780원 (보유0일) → 트레일링스탑(고점대비-22.6% ≤ -15.0%)
[2026-05-25 05:24:25] [ShadowPortfolio] [DEBUG] [P4] 가상매도 NAVER +0원 (보유0일) → 트레일링스탑(고점대비-22.6% ≤ -15.0%)
[2026-05-25 05:24:25] [StrategyLab] [INFO] [StrategyLab] 랭킹 계산 완료: 15개 전략 | 시장국면=LATERAL
[2026-05-25 05:24:25] [StrategyLab] [INFO]   🥇 1위: 트레일 -10% (52.5점)
[2026-05-25 05:24:25] [ShadowPortfolio] [DEBUG] [S1] 가상매도 SK하이닉스 -65,435원 (보유-5일) → 트레일링스탑(고점대비-15.3% ≤ -15.0%)
[2026-05-25 05:24:25] [ShadowPortfolio] [DEBUG] [S2] 가상매도 SK하이닉스 -53,938원 (보유-5일) → 트레일링스탑(고점대비-15.3% ≤ -15.0%)
[2026-05-25 05:24:25] [ShadowPortfolio] [DEBUG] [S3] 가상매도 SK하이닉스 -144,638원 (보유1일) → 트레일링스탑(고점대비-15.3% ≤ -15.0%)
[2026-05-25 05:24:25] [ShadowPortfolio] [DEBUG] [S4] 가상매도 SK하이닉스 -144,638원 (보유1일) → 트레일링스탑(고점대비-15.3% ≤ -15.0%)
[2026-05-25 05:24:25] [ShadowPortfolio] [DEBUG] [S5] 가상매도 SK하이닉스 -144,638원 (보유1일) → 트레일링스탑(고점대비-15.3% ≤ -15.0%)
[2026-05-25 05:24:25] [ShadowPortfolio] [DEBUG] [T3] 가상매도 SK하이닉스 -144,638원 (보유1일) → 트레일링스탑(고점대비-15.3% ≤ -15.0%)
[2026-05-25 05:24:25] [ShadowPortfolio] [DEBUG] [P1] 가상매도 SK하이닉스 -144,638원 (보유1일) → 트레일링스탑(고점대비-15.3% ≤ -15.0%)
[2026-05-25 05:24:25] [ShadowPortfolio] [DEBUG] [P2] 가상매도 SK하이닉스 -63,752원 (보유1일) → 트레일링스탑(고점대비-15.3% ≤ -15.0%)
[2026-05-25 05:24:25] [ShadowPortfolio] [DEBUG] [P3] 가상매도 SK하이닉스 -63,752원 (보유1일) → 트레일링스탑(고점대비-15.3% ≤ -15.0%)
[2026-05-25 05:24:25] [ShadowPortfolio] [DEBUG] [P4] 가상매도 SK하이닉스 -63,752원 (보유1일) → 트레일링스탑(고점대비-15.3% ≤ -15.0%)
[2026-05-25 05:24:25] [ShadowPortfolio] [DEBUG] [T4] 가상매도 SK하이닉스 -277,342원 (보유2일) → 트레일링스탑(고점대비-19.2% ≤ -18.0%)
[2026-05-25 05:24:25] [ShadowPortfolio] [DEBUG] [T5] 가상매도 SK하이닉스 -306,014원 (보유3일) → 손절(-10.3% ≤ -10.0%)
[2026-05-25 05:24:25] [ShadowPortfolio] [DEBUG] [T6] 가상매도 SK하이닉스 -306,014원 (보유3일) → 손절(-10.3% ≤ -10.0%)
[2026-05-25 05:24:25] [ShadowPortfolio] [DEBUG] [T6] 가상매도 NAVER -261,843원 (보유3일) → 트레일링스탑(고점대비-25.4% ≤ -25.0%)
[2026-05-25 05:24:25] [LabDB] [INFO] [LabDB] 랭킹 저장: 15개 전략 (2026-05-25)
[2026-05-25 05:24:25] [ShadowPortfolio] [DEBUG] [S1] 가상매수 SK하이닉스 12주 @168,887
[2026-05-25 05:24:25] [StrategyLab] [DEBUG] [S1] 가상매수 SK하이닉스 12주 @168,887
[2026-05-25 05:24:25] [ShadowPortfolio] [DEBUG] [S2] 가상매수 SK하이닉스 11주 @168,887
[2026-05-25 05:24:25] [StrategyLab] [DEBUG] [S2] 가상매수 SK하이닉스 11주 @168,887
[2026-05-25 05:24:25] [ShadowPortfolio] [DEBUG] [S3] 가상매수 SK하이닉스 12주 @168,887
[2026-05-25 05:24:25] [StrategyLab] [DEBUG] [S3] 가상매수 SK하이닉스 12주 @168,887
[2026-05-25 05:24:25] [ShadowPortfolio] [DEBUG] [S4] 가상매수 SK하이닉스 12주 @168,887
[2026-05-25 05:24:25] [StrategyLab] [DEBUG] [S4] 가상매수 SK하이닉스 12주 @168,887
[2026-05-25 05:24:25] [ShadowPortfolio] [DEBUG] [S5] 가상매수 SK하이닉스 12주 @168,887
[2026-05-25 05:24:25] [StrategyLab] [DEBUG] [S5] 가상매수 SK하이닉스 12주 @168,887
[2026-05-25 05:24:25] [ShadowPortfolio] [DEBUG] [T1] 가상매수 SK하이닉스 12주 @168,887
[2026-05-25 05:24:25] [StrategyLab] [DEBUG] [T1] 가상매수 SK하이닉스 12주 @168,887
[2026-05-25 05:24:25] [ShadowPortfolio] [DEBUG] [T2] 가상매수 SK하이닉스 12주 @168,887
[2026-05-25 05:24:25] [StrategyLab] [DEBUG] [T2] 가상매수 SK하이닉스 12주 @168,887
[2026-05-25 05:24:25] [ShadowPortfolio] [DEBUG] [T3] 가상매수 SK하이닉스 12주 @168,887
[2026-05-25 05:24:25] [StrategyLab] [DEBUG] [T3] 가상매수 SK하이닉스 12주 @168,887
[2026-05-25 05:24:25] [ShadowPortfolio] [DEBUG] [T4] 가상매수 SK하이닉스 12주 @168,887
[2026-05-25 05:24:25] [StrategyLab] [DEBUG] [T4] 가상매수 SK하이닉스 12주 @168,887
[2026-05-25 05:24:25] [ShadowPortfolio] [DEBUG] [T5] 가상매수 SK하이닉스 11주 @168,887
[2026-05-25 05:24:25] [StrategyLab] [DEBUG] [T5] 가상매수 SK하이닉스 11주 @168,887
[2026-05-25 05:24:25] [ShadowPortfolio] [DEBUG] [T6] 가상매수 SK하이닉스 11주 @168,887
[2026-05-25 05:24:25] [StrategyLab] [DEBUG] [T6] 가상매수 SK하이닉스 11주 @168,887
[2026-05-25 05:24:25] [ShadowPortfolio] [DEBUG] [P1] 가상매수 SK하이닉스 12주 @168,887
[2026-05-25 05:24:25] [StrategyLab] [DEBUG] [P1] 가상매수 SK하이닉스 12주 @168,887
[2026-05-25 05:24:25] [ShadowPortfolio] [DEBUG] [P2] 가상매수 SK하이닉스 12주 @168,887
[2026-05-25 05:24:25] [StrategyLab] [DEBUG] [P2] 가상매수 SK하이닉스 12주 @168,887
[2026-05-25 05:24:25] [ShadowPortfolio] [DEBUG] [P3] 가상매수 SK하이닉스 12주 @168,887
[2026-05-25 05:24:25] [StrategyLab] [DEBUG] [P3] 가상매수 SK하이닉스 12주 @168,887
[2026-05-25 05:24:25] [ShadowPortfolio] [DEBUG] [P4] 가상매수 SK하이닉스 12주 @168,887
[2026-05-25 05:24:25] [StrategyLab] [DEBUG] [P4] 가상매수 SK하이닉스 12주 @168,887
[2026-05-25 05:24:25] [ShadowPortfolio] [DEBUG] [S1] 가상매수 NAVER 7주 @208,777
[2026-05-25 05:24:25] [StrategyLab] [DEBUG] [S1] 가상매수 NAVER 7주 @208,777
[2026-05-25 05:24:25] [ShadowPortfolio] [DEBUG] [S2] 가상매수 NAVER 7주 @208,777
[2026-05-25 05:24:25] [StrategyLab] [DEBUG] [S2] 가상매수 NAVER 7주 @208,777
[2026-05-25 05:24:25] [ShadowPortfolio] [DEBUG] [S3] 가상매수 NAVER 7주 @208,777
[2026-05-25 05:24:25] [StrategyLab] [DEBUG] [S3] 가상매수 NAVER 7주 @208,777
[2026-05-25 05:24:25] [ShadowPortfolio] [DEBUG] [S4] 가상매수 NAVER 7주 @208,777
[2026-05-25 05:24:25] [StrategyLab] [DEBUG] [S4] 가상매수 NAVER 7주 @208,777
[2026-05-25 05:24:25] [ShadowPortfolio] [DEBUG] [S5] 가상매수 NAVER 7주 @208,777
[2026-05-25 05:24:25] [StrategyLab] [DEBUG] [S5] 가상매수 NAVER 7주 @208,777
[2026-05-25 05:24:25] [ShadowPortfolio] [DEBUG] [T1] 가상매수 NAVER 7주 @208,777
[2026-05-25 05:24:25] [StrategyLab] [DEBUG] [T1] 가상매수 NAVER 7주 @208,777
[2026-05-25 05:24:25] [ShadowPortfolio] [DEBUG] [T2] 가상매수 NAVER 7주 @208,777
[2026-05-25 05:24:25] [StrategyLab] [DEBUG] [T2] 가상매수 NAVER 7주 @208,777
[2026-05-25 05:24:25] [ShadowPortfolio] [DEBUG] [T3] 가상매수 NAVER 7주 @208,777
[2026-05-25 05:24:25] [StrategyLab] [DEBUG] [T3] 가상매수 NAVER 7주 @208,777
[2026-05-25 05:24:25] [ShadowPortfolio] [DEBUG] [T4] 가상매수 NAVER 7주 @208,777
[2026-05-25 05:24:25] [StrategyLab] [DEBUG] [T4] 가상매수 NAVER 7주 @208,777
[2026-05-25 05:24:25] [ShadowPortfolio] [DEBUG] [T5] 가상매수 NAVER 7주 @208,777
[2026-05-25 05:24:25] [StrategyLab] [DEBUG] [T5] 가상매수 NAVER 7주 @208,777
[2026-05-25 05:24:25] [ShadowPortfolio] [DEBUG] [T6] 가상매수 NAVER 7주 @208,777
[2026-05-25 05:24:25] [StrategyLab] [DEBUG] [T6] 가상매수 NAVER 7주 @208,777
[2026-05-25 05:24:25] [ShadowPortfolio] [DEBUG] [P1] 가상매수 NAVER 7주 @208,777
[2026-05-25 05:24:25] [StrategyLab] [DEBUG] [P1] 가상매수 NAVER 7주 @208,777
[2026-05-25 05:24:25] [ShadowPortfolio] [DEBUG] [P2] 가상매수 NAVER 7주 @208,777
[2026-05-25 05:24:25] [StrategyLab] [DEBUG] [P2] 가상매수 NAVER 7주 @208,777
[2026-05-25 05:24:25] [ShadowPortfolio] [DEBUG] [P3] 가상매수 NAVER 7주 @208,777
[2026-05-25 05:24:25] [StrategyLab] [DEBUG] [P3] 가상매수 NAVER 7주 @208,777
[2026-05-25 05:24:25] [ShadowPortfolio] [DEBUG] [P4] 가상매수 NAVER 7주 @208,777
[2026-05-25 05:24:25] [StrategyLab] [DEBUG] [P4] 가상매수 NAVER 7주 @208,777
[2026-05-25 05:24:25] [StrategyLab] [INFO] [StrategyLab] 랭킹 계산 완료: 15개 전략 | 시장국면=LATERAL
[2026-05-25 05:24:25] [StrategyLab] [INFO]   🥇 1위: 추가매수 없음 (27.7점)
[2026-05-25 05:24:25] [StrategyLab] [INFO] [StrategyLab] 데모 시뮬레이션 완료: 30일
[2026-05-25 05:24:25] [LabDB] [INFO] [LabDB] 랭킹 저장: 5개 전략 (2026-05-25)
[2026-05-25 05:24:52] [KIS_API] [ERROR] 잔고 조회 실패: 403 Client Error: Forbidden for url: https://openapivts.koreainvestment.com:29443/oauth2/tokenP
[2026-05-25 05:24:52] [KIS_API] [ERROR] OHLCV 조회 실패 005930: 403 Client Error: Forbidden for url: https://openapivts.koreainvestment.com:29443/oauth2/tokenP
[2026-05-25 05:24:53] [KIS_API] [ERROR] 잔고 조회 실패: 403 Client Error: Forbidden for url: https://openapivts.koreainvestment.com:29443/oauth2/tokenP
[2026-05-25 05:39:47] [ScreenerDB] [INFO] DB 초기화 완료: /home/user/webapp/stock_trader/screener/../data/screener.db
[2026-05-25 05:39:47] [DailyScreener] [INFO] ============================================================
[2026-05-25 05:39:47] [DailyScreener] [INFO]   📊 일일 종목 스크리닝 시작: 2026-05-25
[2026-05-25 05:39:47] [DailyScreener] [INFO] ============================================================
[2026-05-25 05:39:47] [DailyScreener] [INFO] STEP 1: 시장 지수 수집 중...
[2026-05-25 05:39:47] [DailyScreener] [INFO]   코스피 2,750pt (-1.5%) | 코스닥 895pt (-1.5%)
[2026-05-25 05:39:47] [DailyScreener] [INFO]   📍 시장 국면: LATERAL
[2026-05-25 05:39:47] [DailyScreener] [INFO] STEP 2: 전체 종목 목록 수집 중...
[2026-05-25 05:39:47] [DailyScreener] [INFO]   총 30개 종목 수집
[2026-05-25 05:39:47] [DailyScreener] [INFO] STEP 2.5: ETF 목록 수집 및 필터 적용 중...
[2026-05-25 05:39:47] [DailyScreener] [INFO]   ETF 수집: 12개 → 통과: 12개 / 제외: 0개
[2026-05-25 05:39:47] [DailyScreener] [INFO] STEP 3: 기본 제외 필터 적용 중...
[2026-05-25 05:39:47] [StockFilter] [DEBUG]   ✗ 삼성전자(005930) — 시총미달(255억)
[2026-05-25 05:39:47] [StockFilter] [DEBUG]   ✗ SK하이닉스(000660) — 시총미달(57억)
[2026-05-25 05:39:47] [StockFilter] [DEBUG]   ✗ NAVER(035420) — 시총미달(13억)
[2026-05-25 05:39:47] [StockFilter] [DEBUG]   ✗ 카카오(035720) — 시총미달(98억)
[2026-05-25 05:39:47] [StockFilter] [DEBUG]   ✗ LG화학(051910) — 시총미달(242억)
[2026-05-25 05:39:47] [StockFilter] [DEBUG]   ✗ 삼성SDI(006400) — 시총미달(237억)
[2026-05-25 05:39:47] [StockFilter] [DEBUG]   ✗ 셀트리온(068270) — 시총미달(108억)
[2026-05-25 05:39:47] [StockFilter] [DEBUG]   ✗ 삼성생명(032830) — 시총미달(86억)
[2026-05-25 05:39:47] [StockFilter] [DEBUG]   ✗ SK텔레콤(017670) — 시총미달(229억)
[2026-05-25 05:39:47] [StockFilter] [DEBUG]   ✗ KT(030200) — 시총미달(164억)
[2026-05-25 05:39:47] [StockFilter] [DEBUG]   ✗ 셀트리온헬스케어(091990) — 시총미달(236억)
[2026-05-25 05:39:47] [StockFilter] [DEBUG]   ✗ 펄어비스(263750) — 시총미달(223억)
[2026-05-25 05:39:47] [StockFilter] [DEBUG]   ✗ 카카오게임즈(293490) — 시총미달(208억)
[2026-05-25 05:39:47] [StockFilter] [DEBUG]   ✗ 에스엠(041510) — 시총미달(282억)
[2026-05-25 05:39:47] [StockFilter] [DEBUG]   ✗ 와이지엔터(122870) — 시총미달(196억)
[2026-05-25 05:39:47] [StockFilter] [DEBUG]   ✗ 한진칼(180640) — 시총미달(261억)
[2026-05-25 05:39:47] [StockFilter] [INFO] 필터링 결과: 통과 14개 / 제외 16개 (전체 30개)
[2026-05-25 05:39:47] [DailyScreener] [INFO]   통과: 14개 / 제외: 16개
[2026-05-25 05:39:47] [DailyScreener] [INFO]   주식 통과: 14개 | ETF(합산): 12개
[2026-05-25 05:39:47] [DailyScreener] [INFO] STEP 4: 주식 AI 점수화 시작 (14개)...
[2026-05-25 05:39:47] [AIScorer] [DEBUG] LG에너지솔루션 | 기본=46 감점=+0 보너스=+0 총점=46 [EXCLUDE] RS=+8.4%
[2026-05-25 05:39:47] [AIScorer] [DEBUG] 삼성바이오로직스 | 기본=11.1 감점=+0 보너스=+0 총점=11.1 [EXCLUDE] RS=-0.8%
[2026-05-25 05:39:47] [AIScorer] [DEBUG] KB금융 | 기본=13.8 감점=+0 보너스=+0 총점=13.8 [EXCLUDE] RS=-1.6%
[2026-05-25 05:39:47] [AIScorer] [DEBUG] 신한지주 | 기본=67 감점=+0 보너스=+10 총점=77 [WATCH] RS=+5.6%
[2026-05-25 05:39:47] [AIScorer] [DEBUG] SK이노베이션 | 기본=101 감점=+0 보너스=+15 총점=116 [BUY_CANDIDATE] RS=+20.0%
[2026-05-25 05:39:47] [AIScorer] [DEBUG] LG | 기본=96 감점=+0 보너스=+10 총점=106 [BUY_CANDIDATE] RS=+12.2%
[2026-05-25 05:39:47] [AIScorer] [DEBUG] 현대모비스 | 기본=70 감점=+0 보너스=+5 총점=75 [WATCH] RS=+5.7%
[2026-05-25 05:39:47] [AIScorer] [DEBUG] 현대차 | 기본=78 감점=+0 보너스=+10 총점=88 [WATCH_HIGH] RS=+13.3%
[2026-05-25 05:39:47] [AIScorer] [DEBUG] 기아 | 기본=87 감점=+0 보너스=+10 총점=97 [BUY_CANDIDATE] RS=+16.5%
[2026-05-25 05:39:47] [AIScorer] [DEBUG] 삼성물산 | 기본=46 감점=+0 보너스=+0 총점=46 [EXCLUDE] RS=+3.5%
[2026-05-25 05:39:47] [AIScorer] [DEBUG] 에코프로비엠 | 기본=76 감점=+0 보너스=+5 총점=81 [WATCH_HIGH] RS=+10.0%
[2026-05-25 05:39:47] [AIScorer] [DEBUG] 에코프로 | 기본=23 감점=+0 보너스=+0 총점=23 [EXCLUDE] RS=+3.0%
[2026-05-25 05:39:47] [AIScorer] [DEBUG] 위메이드 | 기본=16.2 감점=+0 보너스=+0 총점=16.2 [EXCLUDE] RS=-0.6%
[2026-05-25 05:39:47] [AIScorer] [DEBUG] 하이브 | 기본=94 감점=+0 보너스=+15 총점=109 [BUY_CANDIDATE] RS=+15.7%
[2026-05-25 05:39:47] [DailyScreener] [INFO]   주식 점수화 완료: 14개 (오류 0개)
[2026-05-25 05:39:47] [DailyScreener] [INFO] STEP 4.5: ETF 점수화 시작 (12개, 국면=LATERAL)...
[2026-05-25 05:39:47] [DailyScreener] [INFO]   ETF 점수화 완료: 12개 (오류 0개)
[2026-05-25 05:39:47] [DailyScreener] [INFO] STEP 5: 등급 분류 중...
[2026-05-25 05:39:47] [DailyScreener] [INFO] STEP 5.5: 자산군 통합 배분 계획 수립 중...
[2026-05-25 05:39:47] [AssetAllocator] [INFO] [AssetAllocator] LATERAL 배분 계획: 매수가능=9/26 종목 경고=0건
[2026-05-25 05:39:47] [DailyScreener] [WARNING]   배분 계획 수립 실패 (계속 진행): 'AllocationPlan' object has no attribute 'blocked_list'
[2026-05-25 05:39:47] [DailyScreener] [INFO] STEP 6: 감시 목록 정리 중...
[2026-05-25 05:39:47] [DailyScreener] [INFO]   주식 후보: 5개 | ETF 후보: 0개 (일반7 | 레버리지2 | 인버스3)
[2026-05-25 05:39:47] [DailyScreener] [INFO] STEP 7: 요약 저장 중...
[2026-05-25 05:39:47] [DailyScreener] [INFO] ============================================================
[2026-05-25 05:39:47] [DailyScreener] [INFO]   ✅ 스크리닝 완료! (0.1초)
[2026-05-25 05:39:47] [DailyScreener] [INFO]   📊 국면: LATERAL
[2026-05-25 05:39:47] [DailyScreener] [INFO]   주식: 분석 14개 | 제외 16개
[2026-05-25 05:39:47] [DailyScreener] [INFO]   ETF:  분석 12개   | 제외 0개
[2026-05-25 05:39:47] [DailyScreener] [INFO]   BUY_CANDIDATE(주식): 4개
[2026-05-25 05:39:47] [DailyScreener] [INFO]   BUY_CANDIDATE(ETF):  0개
[2026-05-25 05:39:47] [DailyScreener] [INFO]   📋 배분 계획: 매수가능 0개
[2026-05-25 05:39:47] [DailyScreener] [INFO]   📈 주식 매수 후보 Top5:
[2026-05-25 05:39:47] [DailyScreener] [INFO]     1. SK이노베이션(096770) 점수=116 RS=+20.0% [BUY_CANDIDATE]
[2026-05-25 05:39:47] [DailyScreener] [INFO]     2. 하이브(352820) 점수=109 RS=+15.7% [BUY_CANDIDATE]
[2026-05-25 05:39:47] [DailyScreener] [INFO]     3. LG(003550) 점수=106 RS=+12.2% [BUY_CANDIDATE]
[2026-05-25 05:39:47] [DailyScreener] [INFO]     4. 기아(000270) 점수=97 RS=+16.5% [BUY_CANDIDATE]
[2026-05-25 05:39:47] [DailyScreener] [INFO]     5. 현대차(005380) 점수=88 RS=+13.3% [WATCH_HIGH]
[2026-05-25 05:39:47] [DailyScreener] [INFO] ============================================================
[2026-05-25 05:40:27] [ScreenerDB] [INFO] DB 초기화 완료: /home/user/webapp/stock_trader/screener/../data/screener.db
[2026-05-25 05:40:27] [DailyScreener] [INFO] ============================================================
[2026-05-25 05:40:27] [DailyScreener] [INFO]   📊 일일 종목 스크리닝 시작: 2026-05-25
[2026-05-25 05:40:27] [DailyScreener] [INFO] ============================================================
[2026-05-25 05:40:27] [DailyScreener] [INFO] STEP 1: 시장 지수 수집 중...
[2026-05-25 05:40:27] [DailyScreener] [INFO]   코스피 2,750pt (-1.5%) | 코스닥 895pt (-1.5%)
[2026-05-25 05:40:27] [DailyScreener] [INFO]   📍 시장 국면: LATERAL
[2026-05-25 05:40:27] [DailyScreener] [INFO] STEP 2: 전체 종목 목록 수집 중...
[2026-05-25 05:40:27] [DailyScreener] [INFO]   총 30개 종목 수집
[2026-05-25 05:40:27] [DailyScreener] [INFO] STEP 2.5: ETF 목록 수집 및 필터 적용 중...
[2026-05-25 05:40:27] [DailyScreener] [INFO]   ETF 수집: 12개 → 통과: 12개 / 제외: 0개
[2026-05-25 05:40:27] [DailyScreener] [INFO] STEP 3: 기본 제외 필터 적용 중...
[2026-05-25 05:40:27] [StockFilter] [DEBUG]   ✗ 삼성전자(005930) — 시총미달(255억)
[2026-05-25 05:40:27] [StockFilter] [DEBUG]   ✗ SK하이닉스(000660) — 시총미달(57억)
[2026-05-25 05:40:27] [StockFilter] [DEBUG]   ✗ NAVER(035420) — 시총미달(13억)
[2026-05-25 05:40:27] [StockFilter] [DEBUG]   ✗ 카카오(035720) — 시총미달(98억)
[2026-05-25 05:40:27] [StockFilter] [DEBUG]   ✗ LG화학(051910) — 시총미달(242억)
[2026-05-25 05:40:27] [StockFilter] [DEBUG]   ✗ 삼성SDI(006400) — 시총미달(237억)
[2026-05-25 05:40:27] [StockFilter] [DEBUG]   ✗ 셀트리온(068270) — 시총미달(108억)
[2026-05-25 05:40:27] [StockFilter] [DEBUG]   ✗ 삼성생명(032830) — 시총미달(86억)
[2026-05-25 05:40:27] [StockFilter] [DEBUG]   ✗ SK텔레콤(017670) — 시총미달(229억)
[2026-05-25 05:40:27] [StockFilter] [DEBUG]   ✗ KT(030200) — 시총미달(164억)
[2026-05-25 05:40:27] [StockFilter] [DEBUG]   ✗ 셀트리온헬스케어(091990) — 시총미달(236억)
[2026-05-25 05:40:27] [StockFilter] [DEBUG]   ✗ 펄어비스(263750) — 시총미달(223억)
[2026-05-25 05:40:27] [StockFilter] [DEBUG]   ✗ 카카오게임즈(293490) — 시총미달(208억)
[2026-05-25 05:40:27] [StockFilter] [DEBUG]   ✗ 에스엠(041510) — 시총미달(282억)
[2026-05-25 05:40:27] [StockFilter] [DEBUG]   ✗ 와이지엔터(122870) — 시총미달(196억)
[2026-05-25 05:40:27] [StockFilter] [DEBUG]   ✗ 한진칼(180640) — 시총미달(261억)
[2026-05-25 05:40:27] [StockFilter] [INFO] 필터링 결과: 통과 14개 / 제외 16개 (전체 30개)
[2026-05-25 05:40:27] [DailyScreener] [INFO]   통과: 14개 / 제외: 16개
[2026-05-25 05:40:27] [DailyScreener] [INFO]   주식 통과: 14개 | ETF(합산): 12개
[2026-05-25 05:40:27] [DailyScreener] [INFO] STEP 4: 주식 AI 점수화 시작 (14개)...
[2026-05-25 05:40:27] [AIScorer] [DEBUG] LG에너지솔루션 | 기본=15.2 감점=+0 보너스=+0 총점=15.2 [EXCLUDE] RS=-1.2%
[2026-05-25 05:40:27] [AIScorer] [DEBUG] 삼성바이오로직스 | 기본=95 감점=+0 보너스=+15 총점=110 [BUY_CANDIDATE] RS=+17.8%
[2026-05-25 05:40:27] [AIScorer] [DEBUG] KB금융 | 기본=26 감점=+0 보너스=+0 총점=26 [EXCLUDE] RS=+2.6%
[2026-05-25 05:40:27] [AIScorer] [DEBUG] 신한지주 | 기본=26 감점=+0 보너스=+0 총점=26 [EXCLUDE] RS=+4.4%
[2026-05-25 05:40:27] [AIScorer] [DEBUG] SK이노베이션 | 기본=98 감점=+0 보너스=+15 총점=113 [BUY_CANDIDATE] RS=+20.6%
[2026-05-25 05:40:27] [AIScorer] [DEBUG] LG | 기본=19.5 감점=+0 보너스=+0 총점=19.5 [EXCLUDE] RS=+3.5%
[2026-05-25 05:40:27] [AIScorer] [DEBUG] 현대모비스 | 기본=78 감점=+0 보너스=+10 총점=88 [WATCH_HIGH] RS=+6.1%
[2026-05-25 05:40:27] [AIScorer] [DEBUG] 현대차 | 기본=15.2 감점=+0 보너스=+0 총점=15.2 [EXCLUDE] RS=-0.5%
[2026-05-25 05:40:27] [AIScorer] [DEBUG] 기아 | 기본=19.7 감점=+0 보너스=+0 총점=19.7 [EXCLUDE] RS=+4.0%
[2026-05-25 05:40:27] [AIScorer] [DEBUG] 삼성물산 | 기본=67 감점=+0 보너스=+10 총점=77 [WATCH] RS=+7.0%
[2026-05-25 05:40:27] [AIScorer] [DEBUG] 에코프로비엠 | 기본=58 감점=+0 보너스=+0 총점=58 [EXCLUDE] RS=+4.6%
[2026-05-25 05:40:27] [AIScorer] [DEBUG] 에코프로 | 기본=28.9 감점=+0 보너스=+0 총점=28.9 [EXCLUDE] RS=+2.3%
[2026-05-25 05:40:27] [AIScorer] [DEBUG] 위메이드 | 기본=49 감점=+0 보너스=+5 총점=54 [EXCLUDE] RS=+7.7%
[2026-05-25 05:40:27] [AIScorer] [DEBUG] 하이브 | 기본=89 감점=+0 보너스=+15 총점=104 [BUY_CANDIDATE] RS=+11.8%
[2026-05-25 05:40:27] [DailyScreener] [INFO]   주식 점수화 완료: 14개 (오류 0개)
[2026-05-25 05:40:27] [DailyScreener] [INFO] STEP 4.5: ETF 점수화 시작 (12개, 국면=LATERAL)...
[2026-05-25 05:40:27] [DailyScreener] [INFO]   ETF 점수화 완료: 12개 (오류 0개)
[2026-05-25 05:40:27] [DailyScreener] [INFO] STEP 5: 등급 분류 중...
[2026-05-25 05:40:27] [DailyScreener] [INFO] STEP 5.5: 자산군 통합 배분 계획 수립 중...
[2026-05-25 05:40:27] [AssetAllocator] [INFO] [AssetAllocator] LATERAL 배분 계획: 매수가능=9/26 종목 경고=0건
[2026-05-25 05:40:27] [DailyScreener] [INFO]   배분 계획: 매수가능 9개 | 차단 17개
[2026-05-25 05:40:27] [DailyScreener] [INFO] STEP 6: 감시 목록 정리 중...
[2026-05-25 05:40:27] [DailyScreener] [INFO]   주식 후보: 4개 | ETF 후보: 4개 (일반7 | 레버리지2 | 인버스3)
[2026-05-25 05:40:27] [DailyScreener] [INFO] STEP 7: 요약 저장 중...
[2026-05-25 05:40:27] [DailyScreener] [INFO] ============================================================
[2026-05-25 05:40:27] [DailyScreener] [INFO]   ✅ 스크리닝 완료! (0.1초)
[2026-05-25 05:40:27] [DailyScreener] [INFO]   📊 국면: LATERAL
[2026-05-25 05:40:27] [DailyScreener] [INFO]   주식: 분석 14개 | 제외 16개
[2026-05-25 05:40:27] [DailyScreener] [INFO]   ETF:  분석 12개   | 제외 0개
[2026-05-25 05:40:27] [DailyScreener] [INFO]   BUY_CANDIDATE(주식): 3개
[2026-05-25 05:40:27] [DailyScreener] [INFO]   BUY_CANDIDATE(ETF):  0개
[2026-05-25 05:40:27] [DailyScreener] [INFO]   📋 배분 계획: 매수가능 9개
[2026-05-25 05:40:27] [DailyScreener] [INFO]   📈 주식 매수 후보 Top5:
[2026-05-25 05:40:27] [DailyScreener] [INFO]     1. SK이노베이션(096770) 점수=113 RS=+20.6% [BUY_CANDIDATE]
[2026-05-25 05:40:27] [DailyScreener] [INFO]     2. 삼성바이오로직스(207940) 점수=110 RS=+17.8% [BUY_CANDIDATE]
[2026-05-25 05:40:27] [DailyScreener] [INFO]     3. 하이브(352820) 점수=104 RS=+11.8% [BUY_CANDIDATE]
[2026-05-25 05:40:27] [DailyScreener] [INFO]     4. 현대모비스(012330) 점수=88 RS=+6.1% [WATCH_HIGH]
[2026-05-25 05:40:27] [DailyScreener] [INFO]   📦 ETF 매수 후보:
[2026-05-25 05:40:27] [DailyScreener] [INFO]     · KODEX 코스닥150(229200) 점수=78 [일반 ETF] 비중=20.0%
[2026-05-25 05:40:27] [DailyScreener] [INFO]     · KODEX 반도체(091160) 점수=69 [일반 ETF] 비중=20.0%
[2026-05-25 05:40:27] [DailyScreener] [INFO]     · KODEX 미국S&P500TR(140710) 점수=68 [일반 ETF] 비중=20.0%
[2026-05-25 05:40:27] [DailyScreener] [INFO]     · KODEX 200(069500) 점수=64 [일반 ETF] 비중=20.0%
[2026-05-25 05:40:27] [DailyScreener] [INFO] ============================================================
[2026-05-25 05:47:01] [AssetAllocator] [INFO] [AssetAllocator] BULL 배분 계획: 매수가능=5/9 종목 경고=0건
[2026-05-25 05:47:01] [AssetAllocator] [INFO] [AssetAllocator] LATERAL 배분 계획: 매수가능=5/9 종목 경고=0건
[2026-05-25 05:47:01] [AssetAllocator] [INFO] [AssetAllocator] BULL 배분 계획: 매수가능=0/2 종목 경고=1건
[2026-05-25 05:47:01] [ScreenerDB] [INFO] DB 초기화 완료: /home/user/webapp/stock_trader/screener/../data/screener.db
[2026-05-25 05:47:01] [DailyScreener] [INFO] ============================================================
[2026-05-25 05:47:01] [DailyScreener] [INFO]   📊 일일 종목 스크리닝 시작: 2026-05-25
[2026-05-25 05:47:01] [DailyScreener] [INFO] ============================================================
[2026-05-25 05:47:01] [DailyScreener] [INFO] STEP 1: 시장 지수 수집 중...
[2026-05-25 05:47:01] [DailyScreener] [INFO]   코스피 2,750pt (-1.5%) | 코스닥 895pt (-1.5%)
[2026-05-25 05:47:01] [DailyScreener] [INFO]   📍 시장 국면: LATERAL
[2026-05-25 05:47:01] [DailyScreener] [INFO] STEP 2: 전체 종목 목록 수집 중...
[2026-05-25 05:47:01] [DailyScreener] [INFO]   총 30개 종목 수집
[2026-05-25 05:47:01] [DailyScreener] [INFO] STEP 2.5: ETF 목록 수집 및 필터 적용 중...
[2026-05-25 05:47:01] [DailyScreener] [INFO]   ETF 수집: 12개 → 통과: 12개 / 제외: 0개
[2026-05-25 05:47:01] [DailyScreener] [INFO] STEP 3: 기본 제외 필터 적용 중...
[2026-05-25 05:47:01] [StockFilter] [DEBUG]   ✗ 삼성전자(005930) — 시총미달(255억)
[2026-05-25 05:47:01] [StockFilter] [DEBUG]   ✗ SK하이닉스(000660) — 시총미달(57억)
[2026-05-25 05:47:01] [StockFilter] [DEBUG]   ✗ NAVER(035420) — 시총미달(13억)
[2026-05-25 05:47:01] [StockFilter] [DEBUG]   ✗ 카카오(035720) — 시총미달(98억)
[2026-05-25 05:47:01] [StockFilter] [DEBUG]   ✗ LG화학(051910) — 시총미달(242억)
[2026-05-25 05:47:01] [StockFilter] [DEBUG]   ✗ 삼성SDI(006400) — 시총미달(237억)
[2026-05-25 05:47:01] [StockFilter] [DEBUG]   ✗ 셀트리온(068270) — 시총미달(108억)
[2026-05-25 05:47:01] [StockFilter] [DEBUG]   ✗ 삼성생명(032830) — 시총미달(86억)
[2026-05-25 05:47:01] [StockFilter] [DEBUG]   ✗ SK텔레콤(017670) — 시총미달(229억)
[2026-05-25 05:47:01] [StockFilter] [DEBUG]   ✗ KT(030200) — 시총미달(164억)
[2026-05-25 05:47:01] [StockFilter] [DEBUG]   ✗ 셀트리온헬스케어(091990) — 시총미달(236억)
[2026-05-25 05:47:01] [StockFilter] [DEBUG]   ✗ 펄어비스(263750) — 시총미달(223억)
[2026-05-25 05:47:01] [StockFilter] [DEBUG]   ✗ 카카오게임즈(293490) — 시총미달(208억)
[2026-05-25 05:47:01] [StockFilter] [DEBUG]   ✗ 에스엠(041510) — 시총미달(282억)
[2026-05-25 05:47:01] [StockFilter] [DEBUG]   ✗ 와이지엔터(122870) — 시총미달(196억)
[2026-05-25 05:47:01] [StockFilter] [DEBUG]   ✗ 한진칼(180640) — 시총미달(261억)
[2026-05-25 05:47:01] [StockFilter] [INFO] 필터링 결과: 통과 14개 / 제외 16개 (전체 30개)
[2026-05-25 05:47:01] [DailyScreener] [INFO]   통과: 14개 / 제외: 16개
[2026-05-25 05:47:01] [DailyScreener] [INFO]   주식 통과: 14개 | ETF(합산): 12개
[2026-05-25 05:47:01] [DailyScreener] [INFO] STEP 4: 주식 AI 점수화 시작 (14개)...
[2026-05-25 05:47:01] [AIScorer] [DEBUG] LG에너지솔루션 | 기본=23 감점=+0 보너스=+0 총점=23 [EXCLUDE] RS=-6.2%
[2026-05-25 05:47:01] [AIScorer] [DEBUG] 삼성바이오로직스 | 기본=14.8 감점=+0 보너스=+0 총점=14.8 [EXCLUDE] RS=-1.4%
[2026-05-25 05:47:01] [AIScorer] [DEBUG] KB금융 | 기본=46 감점=+0 보너스=+0 총점=46 [EXCLUDE] RS=+5.2%
[2026-05-25 05:47:01] [AIScorer] [DEBUG] 신한지주 | 기본=101 감점=+0 보너스=+15 총점=116 [BUY_CANDIDATE] RS=+21.3%
[2026-05-25 05:47:01] [AIScorer] [DEBUG] SK이노베이션 | 기본=17.8 감점=+0 보너스=+0 총점=17.8 [EXCLUDE] RS=-1.6%
[2026-05-25 05:47:01] [AIScorer] [DEBUG] LG | 기본=40 감점=+0 보너스=+5 총점=45 [EXCLUDE] RS=+5.0%
[2026-05-25 05:47:01] [AIScorer] [DEBUG] 현대모비스 | 기본=23.1 감점=+0 보너스=+0 총점=23.1 [EXCLUDE] RS=-2.1%
[2026-05-25 05:47:01] [AIScorer] [DEBUG] 현대차 | 기본=12.2 감점=+0 보너스=+0 총점=12.2 [EXCLUDE] RS=-5.6%
[2026-05-25 05:47:01] [AIScorer] [DEBUG] 기아 | 기본=57 감점=+0 보너스=+0 총점=57 [EXCLUDE] RS=+6.3%
[2026-05-25 05:47:01] [AIScorer] [DEBUG] 삼성물산 | 기본=25.5 감점=+0 보너스=+0 총점=25.5 [EXCLUDE] RS=-0.0%
[2026-05-25 05:47:01] [AIScorer] [DEBUG] 에코프로비엠 | 기본=98 감점=+0 보너스=+15 총점=113 [BUY_CANDIDATE] RS=+16.9%
[2026-05-25 05:47:01] [AIScorer] [DEBUG] 에코프로 | 기본=58 감점=+0 보너스=+5 총점=63 [HOLD_ONLY] RS=+8.4%
[2026-05-25 05:47:01] [AIScorer] [DEBUG] 위메이드 | 기본=24 감점=+0 보너스=+0 총점=24 [EXCLUDE] RS=+3.6%
[2026-05-25 05:47:01] [AIScorer] [DEBUG] 하이브 | 기본=18.5 감점=+0 보너스=+0 총점=18.5 [EXCLUDE] RS=+3.0%
[2026-05-25 05:47:01] [DailyScreener] [INFO]   주식 점수화 완료: 14개 (오류 0개)
[2026-05-25 05:47:01] [DailyScreener] [INFO] STEP 4.5: ETF 점수화 시작 (12개, 국면=LATERAL)...
[2026-05-25 05:47:01] [DailyScreener] [INFO]   ETF 점수화 완료: 12개 (오류 0개)
[2026-05-25 05:47:01] [DailyScreener] [INFO] STEP 5: 등급 분류 중...
[2026-05-25 05:47:01] [DailyScreener] [INFO] STEP 5.5: 자산군 통합 배분 계획 수립 중...
[2026-05-25 05:47:01] [AssetAllocator] [INFO] [AssetAllocator] LATERAL 배분 계획: 매수가능=5/26 종목 경고=0건
[2026-05-25 05:47:01] [DailyScreener] [INFO]   배분 계획: 매수가능 5개 | 차단 21개
[2026-05-25 05:47:01] [DailyScreener] [INFO] STEP 6: 감시 목록 정리 중...
[2026-05-25 05:47:01] [DailyScreener] [INFO]   주식 후보: 2개 | ETF 후보: 3개 (일반7 | 레버리지2 | 인버스3)
[2026-05-25 05:47:01] [DailyScreener] [INFO] STEP 7: 요약 저장 중...
[2026-05-25 05:47:01] [DailyScreener] [INFO] ============================================================
[2026-05-25 05:47:01] [DailyScreener] [INFO]   ✅ 스크리닝 완료! (0.1초)
[2026-05-25 05:47:01] [DailyScreener] [INFO]   📊 국면: LATERAL
[2026-05-25 05:47:01] [DailyScreener] [INFO]   주식: 분석 14개 | 제외 16개
[2026-05-25 05:47:01] [DailyScreener] [INFO]   ETF:  분석 12개   | 제외 0개
[2026-05-25 05:47:01] [DailyScreener] [INFO]   BUY_CANDIDATE(주식): 2개
[2026-05-25 05:47:01] [DailyScreener] [INFO]   BUY_CANDIDATE(ETF):  0개
[2026-05-25 05:47:01] [DailyScreener] [INFO]   📋 배분 계획: 매수가능 5개
[2026-05-25 05:47:01] [DailyScreener] [INFO]   📈 주식 매수 후보 Top5:
[2026-05-25 05:47:01] [DailyScreener] [INFO]     1. 신한지주(055550) 점수=116 RS=+21.3% [BUY_CANDIDATE]
[2026-05-25 05:47:01] [DailyScreener] [INFO]     2. 에코프로비엠(247540) 점수=113 RS=+16.9% [BUY_CANDIDATE]
[2026-05-25 05:47:01] [DailyScreener] [INFO]   📦 ETF 매수 후보:
[2026-05-25 05:47:01] [DailyScreener] [INFO]     · KODEX 반도체(091160) 점수=65 [일반 ETF] 비중=20.0%
[2026-05-25 05:47:01] [DailyScreener] [INFO]     · KODEX 200(069500) 점수=64 [일반 ETF] 비중=20.0%
[2026-05-25 05:47:01] [DailyScreener] [INFO]     · KODEX 200선물인버스2X(261250) 점수=55 [인버스 ETF] 비중=10.0%
[2026-05-25 05:47:01] [DailyScreener] [INFO] ============================================================
[2026-05-25 05:47:13] [PyramidStrategy] [INFO] 💰 복리풀 잔액: 0원
[2026-05-25 05:47:13] [LabDB] [INFO] [LabDB] DB 초기화 완료: /home/user/webapp/stock_trader/strategy_lab/../data/lab.db
[2026-05-25 05:47:13] [StrategyLab] [INFO] [StrategyLab] 초기화: 15개 실험 전략 포트폴리오 생성
[2026-05-25 05:47:13] [StrategyLab] [INFO] [StrategyLab] 상태 로드 완료
[2026-05-25 05:47:13] [Dashboard] [INFO] [App] StrategyLabEngine 초기화 완료
[2026-05-25 05:47:32] [ScreenerDB] [INFO] DB 초기화 완료: /home/user/webapp/stock_trader/screener/../data/screener.db
[2026-05-25 05:47:32] [AssetAllocator] [INFO] [AssetAllocator] LATERAL 배분 계획: 매수가능=0/14 종목 경고=0건
[2026-05-25 05:59:56] [ShadowPortfolio] [DEBUG] [test-001] 가상매수 종목A 19주 @50,000.0 (수수료 142원, 총원가 950,142원)
[2026-05-25 05:59:56] [ShadowPortfolio] [DEBUG] [test-001] 💰 가상매도 종목A 실질 +92,820원(+9.77%) (매도수수료 157원, 거래세 1881원, 보유 8일) → 
[2026-05-25 05:59:56] [ShadowPortfolio] [DEBUG] [test-001] 가상매수 종목B 99주 @10,000.0 (수수료 148원, 총원가 990,148원)
[2026-05-25 06:02:14] [ShadowPortfolio] [DEBUG] [test-001] 가상매수 종목A 19주 @50,000.0 (수수료 142원, 총원가 950,142원)
[2026-05-25 06:02:14] [ShadowPortfolio] [DEBUG] [test-001] 💰 가상매도 종목A 실질 +92,820원(+9.77%) (매도수수료 157원, 거래세 1881원, 보유 8일) → 
[2026-05-25 06:02:14] [ShadowPortfolio] [DEBUG] [test-001] 가상매수 종목B 99주 @10,000.0 (수수료 148원, 총원가 990,148원)
[2026-05-25 06:02:14] [ShadowPortfolio] [DEBUG] [test-001] 가상매수 종목C 99주 @10,000.0 (수수료 148원, 총원가 990,148원)
[2026-05-25 06:02:14] [ShadowPortfolio] [DEBUG] [test-001] 가상매수 종목D 99주 @10,000.0 (수수료 148원, 총원가 990,148원)
[2026-05-25 06:02:14] [ShadowPortfolio] [DEBUG] [test-001] 가상추가매수 종목D 실질+10.0%(기준+10.0%) → 40주 @11,024.15 (수수료 66원)
[2026-05-25 06:05:54] [MA_Strategy] [DEBUG] MA 신호: HOLD | MA5=11044, MA20=10675, MA60=10292 — 관망 | 점수=0.70
[2026-05-25 06:05:54] [RSI_MACD_Strategy] [DEBUG] RSI/MACD 신호: HOLD | RSI=69.7, MACD=206.08 — 관망
[2026-05-25 06:05:54] [MA_Strategy] [DEBUG] MA 신호: HOLD | MA5=11087, MA20=10706, MA60=10311 — 관망 | 점수=0.70
[2026-05-25 06:05:54] [RSI_MACD_Strategy] [DEBUG] RSI/MACD 신호: HOLD | RSI=68.8, MACD=209.66 — 관망
[2026-05-25 06:05:54] [MA_Strategy] [DEBUG] MA 신호: HOLD | MA5=11072, MA20=10730, MA60=10329 — 관망 | 점수=0.60
[2026-05-25 06:05:54] [RSI_MACD_Strategy] [DEBUG] RSI/MACD 신호: HOLD | RSI=58.6, MACD=194.19 — 관망
[2026-05-25 06:05:54] [MA_Strategy] [DEBUG] MA 신호: HOLD | MA5=11074, MA20=10762, MA60=10352 — 관망 | 점수=0.50
[2026-05-25 06:05:54] [RSI_MACD_Strategy] [DEBUG] RSI/MACD 신호: HOLD | RSI=63.5, MACD=193.27 — 관망
[2026-05-25 06:05:54] [MA_Strategy] [DEBUG] MA 신호: HOLD | MA5=11095, MA20=10811, MA60=10378 — 관망 | 점수=0.80
[2026-05-25 06:05:54] [RSI_MACD_Strategy] [DEBUG] RSI/MACD 신호: HOLD | RSI=68.5, MACD=206.93 — 관망
[2026-05-25 06:05:54] [MA_Strategy] [DEBUG] MA 신호: HOLD | MA5=11102, MA20=10853, MA60=10400 — 관망 | 점수=0.70
[2026-05-25 06:05:54] [RSI_MACD_Strategy] [DEBUG] RSI/MACD 신호: HOLD | RSI=62.9, MACD=205.31 — 관망
[2026-05-25 06:05:54] [MA_Strategy] [DEBUG] MA 신호: HOLD | MA5=11145, MA20=10897, MA60=10426 — 관망 | 점수=0.70
[2026-05-25 06:05:54] [RSI_MACD_Strategy] [DEBUG] RSI/MACD 신호: HOLD | RSI=66.8, MACD=214.94 — 관망
[2026-05-25 06:05:54] [MA_Strategy] [DEBUG] MA 신호: HOLD | MA5=11259, MA20=10940, MA60=10452 — 관망 | 점수=0.70
[2026-05-25 06:05:54] [RSI_MACD_Strategy] [DEBUG] RSI/MACD 신호: HOLD | RSI=69.9, MACD=232.24 — 관망
[2026-05-25 06:05:54] [MA_Strategy] [DEBUG] MA 신호: HOLD | MA5=11351, MA20=10988, MA60=10477 — 관망 | 점수=0.70
[2026-05-25 06:05:54] [RSI_MACD_Strategy] [DEBUG] RSI/MACD 신호: HOLD | RSI=71.0, MACD=247.61 — 관망
[2026-05-25 06:05:54] [MA_Strategy] [DEBUG] MA 신호: HOLD | MA5=11392, MA20=11033, MA60=10499 — 관망 | 점수=0.70
[2026-05-25 06:05:54] [RSI_MACD_Strategy] [DEBUG] RSI/MACD 신호: HOLD | RSI=68.9, MACD=253.40 — 관망
[2026-05-25 06:05:54] [MA_Strategy] [DEBUG] MA 신호: HOLD | MA5=11464, MA20=11074, MA60=10524 — 관망 | 점수=0.70
[2026-05-25 06:05:54] [RSI_MACD_Strategy] [DEBUG] RSI/MACD 신호: HOLD | RSI=69.5, MACD=257.21 — 관망
[2026-05-25 06:05:54] [MA_Strategy] [DEBUG] MA 신호: HOLD | MA5=11540, MA20=11131, MA60=10548 — 관망 | 점수=0.70
[2026-05-25 06:05:54] [RSI_MACD_Strategy] [DEBUG] RSI/MACD 신호: HOLD | RSI=73.3, MACD=272.10 — 관망
[2026-05-25 06:05:54] [MA_Strategy] [DEBUG] MA 신호: HOLD | MA5=11572, MA20=11178, MA60=10574 — 관망 | 점수=0.70
[2026-05-25 06:05:54] [RSI_MACD_Strategy] [DEBUG] RSI/MACD 신호: HOLD | RSI=70.1, MACD=275.56 — 관망
[2026-05-25 06:05:54] [MA_Strategy] [DEBUG] MA 신호: HOLD | MA5=11563, MA20=11215, MA60=10599 — 관망 | 점수=0.50
[2026-05-25 06:05:54] [RSI_MACD_Strategy] [DEBUG] RSI/MACD 신호: HOLD | RSI=63.0, MACD=262.92 — 관망
[2026-05-25 06:05:54] [MA_Strategy] [DEBUG] MA 신호: HOLD | MA5=11596, MA20=11262, MA60=10627 — 관망 | 점수=0.70
[2026-05-25 06:05:54] [RSI_MACD_Strategy] [DEBUG] RSI/MACD 신호: HOLD | RSI=67.0, MACD=263.51 — 관망
[2026-05-25 06:05:54] [MA_Strategy] [DEBUG] MA 신호: HOLD | MA5=11604, MA20=11303, MA60=10652 — 관망 | 점수=0.50
[2026-05-25 06:05:54] [RSI_MACD_Strategy] [DEBUG] RSI/MACD 신호: HOLD | RSI=62.7, MACD=252.98 — 관망
[2026-05-25 06:05:54] [MA_Strategy] [DEBUG] MA 신호: HOLD | MA5=11608, MA20=11345, MA60=10681 — 관망 | 점수=0.70
[2026-05-25 06:05:54] [RSI_MACD_Strategy] [DEBUG] RSI/MACD 신호: HOLD | RSI=66.6, MACD=255.34 — 관망
[2026-05-25 06:05:54] [MA_Strategy] [DEBUG] MA 신호: HOLD | MA5=11592, MA20=11374, MA60=10711 — 관망 | 점수=0.50
[2026-05-25 06:05:54] [RSI_MACD_Strategy] [DEBUG] RSI/MACD 신호: SELL | RSI=60.0 + MACD 데드크로스
[2026-05-25 06:05:54] [MA_Strategy] [DEBUG] MA 신호: HOLD | MA5=11635, MA20=11406, MA60=10740 — 관망 | 점수=0.80
[2026-05-25 06:05:54] [RSI_MACD_Strategy] [DEBUG] RSI/MACD 신호: HOLD | RSI=63.4, MACD=238.77 — 관망
[2026-05-25 06:05:54] [MA_Strategy] [DEBUG] MA 신호: HOLD | MA5=11650, MA20=11433, MA60=10767 — 관망 | 점수=0.70
[2026-05-25 06:05:54] [RSI_MACD_Strategy] [DEBUG] RSI/MACD 신호: HOLD | RSI=64.0, MACD=236.06 — 관망
[2026-05-25 06:05:54] [MA_Strategy] [DEBUG] MA 신호: HOLD | MA5=11655, MA20=11456, MA60=10791 — 관망 | 점수=0.50
[2026-05-25 06:05:54] [RSI_MACD_Strategy] [DEBUG] RSI/MACD 신호: HOLD | RSI=58.2, MACD=219.52 — 관망
[2026-05-25 06:05:54] [MA_Strategy] [DEBUG] MA 신호: HOLD | MA5=11666, MA20=11490, MA60=10821 — 관망 | 점수=0.70
[2026-05-25 06:05:54] [RSI_MACD_Strategy] [DEBUG] RSI/MACD 신호: HOLD | RSI=63.0, MACD=219.86 — 관망
[2026-05-25 06:05:54] [MA_Strategy] [DEBUG] MA 신호: HOLD | MA5=11691, MA20=11529, MA60=10852 — 관망 | 점수=0.50
[2026-05-25 06:05:54] [RSI_MACD_Strategy] [DEBUG] RSI/MACD 신호: HOLD | RSI=59.7, MACD=210.52 — 관망
[2026-05-25 06:05:54] [MA_Strategy] [DEBUG] MA 신호: HOLD | MA5=11684, MA20=11558, MA60=10878 — 관망 | 점수=0.50
[2026-05-25 06:05:54] [RSI_MACD_Strategy] [DEBUG] RSI/MACD 신호: HOLD | RSI=58.9, MACD=199.05 — 관망
[2026-05-25 06:05:54] [MA_Strategy] [DEBUG] MA 신호: HOLD | MA5=11710, MA20=11587, MA60=10905 — 관망 | 점수=0.80
[2026-05-25 06:05:54] [RSI_MACD_Strategy] [DEBUG] RSI/MACD 신호: HOLD | RSI=63.6, MACD=202.94 — 관망
[2026-05-25 06:05:54] [MA_Strategy] [DEBUG] MA 신호: HOLD | MA5=11787, MA20=11627, MA60=10935 — 관망 | 점수=0.70
[2026-05-25 06:05:54] [RSI_MACD_Strategy] [DEBUG] RSI/MACD 신호: HOLD | RSI=65.9, MACD=212.22 — 관망
[2026-05-25 06:05:54] [MA_Strategy] [DEBUG] MA 신호: HOLD | MA5=11844, MA20=11664, MA60=10964 — 관망 | 점수=0.70
[2026-05-25 06:05:54] [RSI_MACD_Strategy] [DEBUG] RSI/MACD 신호: BUY | RSI=68.0 + MACD 골든크로스
[2026-05-25 06:05:54] [MA_Strategy] [DEBUG] MA 신호: HOLD | MA5=11962, MA20=11705, MA60=10997 — 관망 | 점수=0.80
[2026-05-25 06:05:54] [RSI_MACD_Strategy] [DEBUG] RSI/MACD 신호: HOLD | RSI=72.0, MACD=249.79 — 관망
[2026-05-25 06:05:54] [MA_Strategy] [DEBUG] MA 신호: HOLD | MA5=12077, MA20=11740, MA60=11029 — 관망 | 점수=0.70
[2026-05-25 06:05:54] [RSI_MACD_Strategy] [DEBUG] RSI/MACD 신호: HOLD | RSI=70.2, MACD=262.95 — 관망
[2026-05-25 06:05:54] [MA_Strategy] [DEBUG] MA 신호: HOLD | MA5=12151, MA20=11777, MA60=11057 — 관망 | 점수=0.70
[2026-05-25 06:05:54] [RSI_MACD_Strategy] [DEBUG] RSI/MACD 신호: HOLD | RSI=69.7, MACD=269.47 — 관망
[2026-05-25 06:05:54] [MA_Strategy] [DEBUG] MA 신호: HOLD | MA5=12182, MA20=11807, MA60=11086 — 관망 | 점수=0.50
[2026-05-25 06:05:54] [RSI_MACD_Strategy] [DEBUG] RSI/MACD 신호: HOLD | RSI=64.9, MACD=263.05 — 관망
[2026-05-25 06:05:54] [MA_Strategy] [DEBUG] MA 신호: HOLD | MA5=12156, MA20=11818, MA60=11114 — 관망 | 점수=0.50
[2026-05-25 06:05:54] [RSI_MACD_Strategy] [DEBUG] RSI/MACD 신호: SELL | RSI=57.2 + MACD 데드크로스
[2026-05-25 06:05:54] [MA_Strategy] [DEBUG] MA 신호: HOLD | MA5=12065, MA20=11828, MA60=11142 — 관망 | 점수=0.50
[2026-05-25 06:05:54] [RSI_MACD_Strategy] [DEBUG] RSI/MACD 신호: HOLD | RSI=53.6, MACD=210.61 — 관망
[2026-05-25 06:05:54] [MA_Strategy] [DEBUG] MA 신호: HOLD | MA5=11944, MA20=11835, MA60=11167 — 관망 | 점수=0.60
[2026-05-25 06:05:54] [RSI_MACD_Strategy] [DEBUG] RSI/MACD 신호: HOLD | RSI=47.3, MACD=169.64 — 관망
[2026-05-25 06:05:54] [MA_Strategy] [DEBUG] MA 신호: HOLD | MA5=11838, MA20=11837, MA60=11192 — 관망 | 점수=0.50
[2026-05-25 06:05:54] [RSI_MACD_Strategy] [DEBUG] RSI/MACD 신호: HOLD | RSI=49.4, MACD=140.79 — 관망
[2026-05-25 06:05:54] [MA_Strategy] [DEBUG] MA 신호: SELL | 데드크로스 발생 | 점수=0.80
[2026-05-25 06:05:54] [RSI_MACD_Strategy] [DEBUG] RSI/MACD 신호: HOLD | RSI=44.4, MACD=102.86 — 관망
[2026-05-25 06:05:54] [MA_Strategy] [DEBUG] MA 신호: HOLD | MA5=11669, MA20=11834, MA60=11238 — 관망 | 점수=0.40
[2026-05-25 06:05:54] [RSI_MACD_Strategy] [DEBUG] RSI/MACD 신호: HOLD | RSI=49.6, MACD=84.82 — 관망
[2026-05-25 06:05:54] [MA_Strategy] [DEBUG] MA 신호: HOLD | MA5=11643, MA20=11841, MA60=11261 — 관망 | 점수=0.40
[2026-05-25 06:05:54] [RSI_MACD_Strategy] [DEBUG] RSI/MACD 신호: HOLD | RSI=50.1, MACD=70.99 — 관망
[2026-05-25 06:05:54] [MA_Strategy] [DEBUG] MA 신호: HOLD | MA5=11674, MA20=11845, MA60=11287 — 관망 | 점수=0.40
[2026-05-25 06:05:54] [RSI_MACD_Strategy] [DEBUG] RSI/MACD 신호: HOLD | RSI=52.6, MACD=65.81 — 관망
[2026-05-25 06:05:54] [MA_Strategy] [DEBUG] MA 신호: HOLD | MA5=11696, MA20=11849, MA60=11310 — 관망 | 점수=0.50
[2026-05-25 06:05:54] [RSI_MACD_Strategy] [DEBUG] RSI/MACD 신호: HOLD | RSI=53.4, MACD=63.07 — 관망
[2026-05-25 06:05:54] [MA_Strategy] [DEBUG] MA 신호: HOLD | MA5=11791, MA20=11870, MA60=11334 — 관망 | 점수=0.40
[2026-05-25 06:05:54] [RSI_MACD_Strategy] [DEBUG] RSI/MACD 신호: HOLD | RSI=59.1, MACD=75.61 — 관망
[2026-05-25 06:05:54] [MA_Strategy] [DEBUG] MA 신호: HOLD | MA5=11863, MA20=11883, MA60=11360 — 관망 | 점수=0.40
[2026-05-25 06:05:54] [RSI_MACD_Strategy] [DEBUG] RSI/MACD 신호: HOLD | RSI=60.2, MACD=87.92 — 관망
[2026-05-25 06:05:54] [MA_Strategy] [DEBUG] MA 신호: BUY | 골든크로스 발생 (MA5=11957 > MA20=11907) | 점수=0.90
[2026-05-25 06:05:54] [RSI_MACD_Strategy] [DEBUG] RSI/MACD 신호: BUY | RSI=63.6 + MACD 골든크로스
[2026-05-25 06:05:54] [MA_Strategy] [DEBUG] MA 신호: HOLD | MA5=12012, MA20=11926, MA60=11416 — 관망 | 점수=0.70
[2026-05-25 06:05:54] [RSI_MACD_Strategy] [DEBUG] RSI/MACD 신호: HOLD | RSI=58.7, MACD=111.03 — 관망
[2026-05-25 06:05:54] [MA_Strategy] [DEBUG] MA 신호: HOLD | MA5=12076, MA20=11940, MA60=11446 — 관망 | 점수=0.70
[2026-05-25 06:05:54] [RSI_MACD_Strategy] [DEBUG] RSI/MACD 신호: HOLD | RSI=60.8, MACD=119.13 — 관망
[2026-05-25 06:05:54] [MA_Strategy] [DEBUG] MA 신호: HOLD | MA5=12097, MA20=11947, MA60=11476 — 관망 | 점수=0.70
[2026-05-25 06:05:54] [RSI_MACD_Strategy] [DEBUG] RSI/MACD 신호: HOLD | RSI=59.8, MACD=122.35 — 관망
[2026-05-25 06:05:54] [MA_Strategy] [DEBUG] MA 신호: HOLD | MA5=12143, MA20=11958, MA60=11506 — 관망 | 점수=0.70
[2026-05-25 06:05:54] [RSI_MACD_Strategy] [DEBUG] RSI/MACD 신호: HOLD | RSI=64.2, MACD=136.41 — 관망
[2026-05-25 06:05:54] [MA_Strategy] [DEBUG] MA 신호: HOLD | MA5=12179, MA20=11961, MA60=11535 — 관망 | 점수=0.80
[2026-05-25 06:05:54] [RSI_MACD_Strategy] [DEBUG] RSI/MACD 신호: HOLD | RSI=66.2, MACD=152.49 — 관망
[2026-05-25 06:05:54] [MA_Strategy] [DEBUG] MA 신호: HOLD | MA5=12207, MA20=11959, MA60=11562 — 관망 | 점수=0.50
[2026-05-25 06:05:54] [RSI_MACD_Strategy] [DEBUG] RSI/MACD 신호: HOLD | RSI=59.3, MACD=150.75 — 관망
[2026-05-25 06:05:54] [MA_Strategy] [DEBUG] MA 신호: HOLD | MA5=12241, MA20=11963, MA60=11591 — 관망 | 점수=0.70
[2026-05-25 06:05:54] [RSI_MACD_Strategy] [DEBUG] RSI/MACD 신호: HOLD | RSI=62.2, MACD=156.04 — 관망
[2026-05-25 06:05:54] [MA_Strategy] [DEBUG] MA 신호: HOLD | MA5=12261, MA20=11967, MA60=11616 — 관망 | 점수=0.50
[2026-05-25 06:05:54] [RSI_MACD_Strategy] [DEBUG] RSI/MACD 신호: HOLD | RSI=58.2, MACD=150.83 — 관망
[2026-05-25 06:05:54] [MA_Strategy] [DEBUG] MA 신호: HOLD | MA5=12253, MA20=11982, MA60=11644 — 관망 | 점수=0.50
[2026-05-25 06:05:54] [RSI_MACD_Strategy] [DEBUG] RSI/MACD 신호: HOLD | RSI=59.0, MACD=147.03 — 관망
[2026-05-25 06:05:54] [MA_Strategy] [DEBUG] MA 신호: HOLD | MA5=12223, MA20=12001, MA60=11669 — 관망 | 점수=0.50
[2026-05-25 06:05:54] [RSI_MACD_Strategy] [DEBUG] RSI/MACD 신호: HOLD | RSI=57.9, MACD=140.53 — 관망
[2026-05-25 06:05:54] [MA_Strategy] [DEBUG] MA 신호: HOLD | MA5=12225, MA20=12029, MA60=11693 — 관망 | 점수=0.50
[2026-05-25 06:05:54] [RSI_MACD_Strategy] [DEBUG] RSI/MACD 신호: SELL | RSI=57.7 + MACD 데드크로스
[2026-05-25 06:05:54] [MA_Strategy] [DEBUG] MA 신호: HOLD | MA5=12202, MA20=12054, MA60=11718 — 관망 | 점수=0.60
[2026-05-25 06:05:54] [RSI_MACD_Strategy] [DEBUG] RSI/MACD 신호: HOLD | RSI=57.0, MACD=125.26 — 관망
[2026-05-25 06:07:11] [ShadowPortfolio] [DEBUG] [int-test] 가상매수 테스트종목 99주 @10,000.0 (수수료 148원, 총원가 990,148원)
[2026-05-25 06:07:11] [ShadowPortfolio] [DEBUG] [int-test] 가상매수 종목A 99주 @10,000.0 (수수료 148원, 총원가 990,148원)
